Semaine;Nice (FR);Biarritz (FR);Ars en Ré (FR);Saint Malo (FR);Le Cap d Agde (FR);Fréjus (FR);Cannes (FR);Antibes (FR);Le Touquet (BE);Le Barcarès (FR);Deauville (FR);Porto Vecchio (FR);Lacanau (FR);Palavas les Flots (FR);Argelès sur Mer (FR);Carnac (FR);Arcachon (FR);Le Grau du Roi (FR);Cap Ferret (FR);Biscarrosse (FR);La Baule Escoublac (FR)
2019-01-06;30,00;6,00;12,00;6,00;6,00;0,00;6,00;0,00;0,00;0,00;0,00;0,00;0,00;0,00;0,00;0,00;0,00;6,00;0,00;0,00;0,00
2019-01-13;35,00;6,00;0,00;0,00;6,00;6,00;12,00;0,00;0,00;0,00;0,00;0,00;6,00;0,00;0,00;0,00;0,00;0,00;0,00;0,00;0,00
2019-01-20;41,00;0,00;6,00;6,00;0,00;6,00;6,00;0,00;0,00;0,00;0,00;0,00;0,00;0,00;0,00;0,00;0,00;0,00;0,00;0,00;0,00
2019-01-27;18,00;18,00;6,00;6,00;12,00;12,00;6,00;12,00;0,00;6,00;0,00;0,00;6,00;0,00;0,00;0,00;0,00;0,00;0,00;0,00;0,00
2019-02-03;31,00;6,00;6,00;0,00;6,00;6,00;0,00;6,00;0,00;0,00;0,00;0,00;0,00;0,00;0,00;6,00;0,00;0,00;0,00;0,00;0,00
2019-02-10;12,00;12,00;12,00;0,00;0,00;0,00;6,00;6,00;0,00;0,00;0,00;0,00;0,00;0,00;0,00;6,00;0,00;0,00;0,00;0,00;0,00
2019-02-17;38,00;0,00;0,00;0,00;13,00;6,00;0,00;6,00;0,00;6,00;0,00;0,00;6,00;0,00;0,00;6,00;0,00;6,00;0,00;0,00;0,00
2019-02-24;6,00;19,00;0,00;0,00;19,00;0,00;6,00;19,00;0,00;0,00;0,00;6,00;0,00;0,00;0,00;6,00;0,00;0,00;0,00;0,00;0,00
2019-03-03;0,00;6,00;0,00;0,00;6,00;0,00;0,00;6,00;0,00;0,00;0,00;6,00;0,00;0,00;0,00;0,00;0,00;0,00;0,00;0,00;0,00
2019-03-10;24,00;12,00;0,00;12,00;0,00;6,00;12,00;6,00;0,00;0,00;0,00;6,00;6,00;0,00;0,00;0,00;0,00;0,00;0,00;0,00;0,00
2019-03-17;32,00;6,00;0,00;0,00;13,00;0,00;0,00;6,00;0,00;0,00;0,00;0,00;0,00;0,00;0,00;0,00;0,00;0,00;0,00;0,00;0,00
2019-03-24;25,00;0,00;6,00;12,00;6,00;0,00;0,00;6,00;0,00;0,00;0,00;12,00;0,00;0,00;0,00;0,00;0,00;0,00;0,00;0,00;0,00
2019-03-31;42,00;12,00;12,00;12,00;30,00;6,00;18,00;6,00;0,00;0,00;0,00;0,00;0,00;0,00;0,00;0,00;0,00;0,00;0,00;0,00;0,00
2019-04-07;40,00;11,00;6,00;6,00;34,00;0,00;0,00;11,00;6,00;0,00;0,00;0,00;0,00;0,00;0,00;0,00;0,00;0,00;0,00;0,00;0,00
2019-04-14;100,00;20,00;7,00;0,00;20,00;13,00;40,00;20,00;0,00;0,00;0,00;20,00;0,00;0,00;0,00;0,00;0,00;7,00;0,00;0,00;0,00
2019-04-21;60,00;0,00;0,00;27,00;13,00;13,00;20,00;7,00;0,00;0,00;0,00;13,00;0,00;7,00;0,00;0,00;0,00;0,00;0,00;0,00;0,00
2019-04-28;41,00;17,00;17,00;6,00;12,00;6,00;12,00;6,00;0,00;0,00;0,00;0,00;6,00;0,00;0,00;0,00;0,00;0,00;0,00;6,00;0,00
2019-05-05;29,00;6,00;12,00;6,00;23,00;6,00;6,00;12,00;0,00;0,00;0,00;6,00;0,00;0,00;0,00;0,00;0,00;0,00;0,00;0,00;0,00
2019-05-12;36,00;12,00;18,00;6,00;18,00;6,00;12,00;6,00;0,00;0,00;6,00;6,00;0,00;0,00;0,00;0,00;0,00;0,00;0,00;0,00;0,00
2019-05-19;35,00;12,00;6,00;6,00;30,00;12,00;6,00;12,00;0,00;0,00;0,00;18,00;0,00;0,00;0,00;0,00;6,00;0,00;0,00;0,00;0,00
2019-05-26;57,00;0,00;0,00;0,00;38,00;0,00;13,00;26,00;0,00;0,00;0,00;0,00;6,00;0,00;0,00;0,00;6,00;0,00;0,00;0,00;0,00
2019-06-02;54,00;0,00;12,00;6,00;30,00;0,00;24,00;18,00;0,00;0,00;0,00;12,00;0,00;0,00;0,00;0,00;0,00;0,00;0,00;0,00;0,00
2019-06-09;42,00;12,00;18,00;6,00;12,00;6,00;18,00;24,00;0,00;0,00;0,00;18,00;0,00;12,00;0,00;0,00;6,00;6,00;0,00;0,00;0,00
2019-06-16;49,00;6,00;0,00;6,00;12,00;0,00;43,00;12,00;6,00;0,00;0,00;6,00;6,00;6,00;0,00;0,00;0,00;0,00;0,00;0,00;0,00
2019-06-23;90,00;19,00;19,00;13,00;19,00;0,00;6,00;13,00;0,00;0,00;6,00;0,00;0,00;0,00;6,00;0,00;0,00;0,00;0,00;0,00;0,00
2019-06-30;57,00;19,00;6,00;13,00;19,00;13,00;6,00;32,00;0,00;0,00;0,00;6,00;0,00;0,00;0,00;0,00;6,00;0,00;0,00;0,00;0,00
2019-07-07;63,00;19,00;6,00;6,00;31,00;6,00;13,00;0,00;0,00;0,00;0,00;13,00;0,00;13,00;0,00;0,00;0,00;6,00;0,00;0,00;0,00
2019-07-14;89,00;14,00;7,00;21,00;41,00;27,00;21,00;0,00;0,00;0,00;0,00;7,00;0,00;7,00;7,00;0,00;0,00;0,00;7,00;0,00;0,00
2019-07-21;73,00;15,00;15,00;15,00;44,00;15,00;29,00;15,00;0,00;7,00;0,00;22,00;7,00;0,00;0,00;7,00;0,00;7,00;0,00;0,00;0,00
2019-07-28;58,00;15,00;22,00;7,00;22,00;15,00;7,00;22,00;0,00;0,00;0,00;22,00;7,00;0,00;0,00;0,00;7,00;0,00;0,00;0,00;0,00
2019-08-04;34,00;13,00;13,00;7,00;34,00;0,00;34,00;13,00;0,00;0,00;0,00;13,00;13,00;7,00;0,00;0,00;0,00;7,00;0,00;0,00;0,00
2019-08-11;43,00;12,00;12,00;6,00;19,00;6,00;19,00;12,00;0,00;0,00;0,00;0,00;0,00;6,00;0,00;0,00;0,00;6,00;0,00;0,00;0,00
2019-08-18;42,00;48,00;18,00;12,00;6,00;12,00;12,00;6,00;0,00;0,00;0,00;6,00;0,00;6,00;0,00;0,00;6,00;0,00;0,00;0,00;6,00
2019-08-25;30,00;36,00;6,00;0,00;18,00;6,00;0,00;18,00;0,00;0,00;0,00;12,00;0,00;0,00;0,00;0,00;0,00;0,00;0,00;0,00;0,00
2019-09-01;23,00;17,00;0,00;11,00;11,00;6,00;6,00;11,00;0,00;0,00;0,00;11,00;6,00;0,00;0,00;0,00;6,00;0,00;0,00;0,00;0,00
2019-09-08;30,00;12,00;6,00;0,00;6,00;6,00;12,00;0,00;0,00;0,00;0,00;0,00;6,00;0,00;0,00;0,00;0,00;0,00;0,00;0,00;0,00
2019-09-15;18,00;24,00;6,00;0,00;24,00;18,00;0,00;12,00;0,00;0,00;0,00;12,00;6,00;0,00;0,00;0,00;6,00;6,00;0,00;0,00;0,00
2019-09-22;41,00;6,00;6,00;6,00;6,00;0,00;12,00;6,00;0,00;0,00;0,00;0,00;0,00;0,00;0,00;0,00;0,00;6,00;6,00;0,00;0,00
2019-09-29;36,00;24,00;0,00;6,00;12,00;6,00;6,00;0,00;0,00;0,00;0,00;0,00;0,00;0,00;6,00;0,00;6,00;0,00;0,00;0,00;0,00
2019-10-06;30,00;6,00;6,00;6,00;0,00;0,00;24,00;0,00;0,00;0,00;0,00;0,00;0,00;0,00;0,00;0,00;0,00;0,00;0,00;0,00;0,00
2019-10-13;42,00;6,00;0,00;0,00;6,00;24,00;12,00;0,00;0,00;0,00;0,00;18,00;0,00;0,00;0,00;0,00;0,00;0,00;0,00;0,00;0,00
2019-10-20;23,00;6,00;11,00;6,00;11,00;6,00;6,00;6,00;0,00;0,00;0,00;11,00;0,00;0,00;0,00;0,00;0,00;0,00;0,00;0,00;6,00
2019-10-27;52,00;0,00;0,00;11,00;17,00;0,00;0,00;6,00;0,00;0,00;0,00;0,00;0,00;0,00;0,00;0,00;6,00;6,00;0,00;0,00;0,00
2019-11-03;17,00;6,00;0,00;0,00;11,00;0,00;11,00;6,00;0,00;0,00;0,00;0,00;0,00;0,00;0,00;0,00;0,00;0,00;0,00;0,00;0,00
2019-11-10;23,00;0,00;6,00;0,00;0,00;0,00;0,00;0,00;0,00;0,00;0,00;0,00;0,00;0,00;0,00;0,00;0,00;0,00;0,00;0,00;0,00
2019-11-17;17,00;17,00;0,00;0,00;0,00;0,00;0,00;0,00;0,00;0,00;0,00;0,00;0,00;0,00;0,00;0,00;0,00;0,00;0,00;0,00;0,00
2019-11-24;11,00;11,00;0,00;0,00;6,00;6,00;0,00;6,00;0,00;0,00;0,00;0,00;0,00;0,00;0,00;0,00;0,00;0,00;6,00;0,00;0,00
2019-12-01;34,00;6,00;6,00;0,00;6,00;17,00;6,00;0,00;0,00;0,00;0,00;0,00;0,00;0,00;0,00;0,00;6,00;0,00;0,00;0,00;0,00
2019-12-08;11,00;0,00;0,00;0,00;0,00;0,00;6,00;11,00;0,00;0,00;0,00;0,00;0,00;6,00;0,00;0,00;0,00;0,00;0,00;0,00;0,00
2019-12-15;46,00;0,00;6,00;0,00;6,00;6,00;0,00;6,00;0,00;0,00;0,00;0,00;0,00;0,00;0,00;0,00;0,00;0,00;0,00;0,00;0,00
2019-12-22;27,00;0,00;0,00;7,00;7,00;0,00;14,00;0,00;0,00;0,00;0,00;0,00;0,00;0,00;0,00;0,00;0,00;0,00;0,00;0,00;0,00
2019-12-29;19,00;6,00;0,00;19,00;19,00;0,00;13,00;0,00;0,00;0,00;0,00;6,00;0,00;0,00;0,00;0,00;0,00;0,00;0,00;6,00;0,00
2020-01-05;22,00;11,00;0,00;5,00;16,00;5,00;0,00;5,00;0,00;0,00;0,00;0,00;0,00;0,00;0,00;0,00;0,00;0,00;0,00;0,00;0,00
2020-01-12;11,00;0,00;11,00;0,00;5,00;0,00;5,00;0,00;0,00;0,00;0,00;0,00;0,00;0,00;0,00;0,00;0,00;0,00;0,00;0,00;5,00
2020-01-19;27,00;11,00;0,00;5,00;16,00;0,00;16,00;5,00;0,00;0,00;0,00;5,00;0,00;0,00;0,00;0,00;0,00;0,00;0,00;0,00;0,00
2020-01-26;32,00;0,00;0,00;0,00;5,00;11,00;0,00;11,00;0,00;0,00;0,00;5,00;0,00;5,00;0,00;0,00;0,00;0,00;0,00;0,00;0,00
2020-02-02;32,00;0,00;5,00;0,00;0,00;5,00;5,00;0,00;0,00;0,00;0,00;11,00;0,00;0,00;0,00;5,00;0,00;0,00;5,00;0,00;0,00
2020-02-09;32,00;5,00;11,00;5,00;0,00;0,00;16,00;5,00;0,00;0,00;5,00;5,00;0,00;0,00;0,00;5,00;0,00;0,00;0,00;0,00;0,00
2020-02-16;33,00;6,00;11,00;0,00;11,00;0,00;0,00;0,00;0,00;0,00;0,00;0,00;0,00;0,00;0,00;0,00;0,00;0,00;0,00;0,00;0,00
2020-02-23;57,00;5,00;10,00;5,00;0,00;0,00;5,00;5,00;0,00;5,00;5,00;0,00;5,00;0,00;0,00;0,00;0,00;0,00;0,00;0,00;0,00
2020-03-01;10,00;5,00;0,00;0,00;16,00;10,00;5,00;0,00;0,00;0,00;0,00;0,00;0,00;0,00;0,00;5,00;0,00;0,00;0,00;0,00;0,00
2020-03-08;10,00;15,00;0,00;5,00;5,00;0,00;10,00;5,00;0,00;0,00;5,00;0,00;0,00;0,00;0,00;0,00;0,00;0,00;0,00;0,00;0,00
2020-03-15;15,00;0,00;0,00;0,00;0,00;0,00;0,00;0,00;0,00;0,00;0,00;0,00;0,00;0,00;0,00;5,00;0,00;0,00;0,00;0,00;0,00
2020-03-22;5,00;5,00;0,00;0,00;5,00;0,00;0,00;5,00;0,00;0,00;0,00;0,00;0,00;5,00;0,00;0,00;0,00;0,00;0,00;0,00;0,00
2020-03-29;5,00;5,00;5,00;0,00;5,00;0,00;0,00;5,00;0,00;0,00;0,00;0,00;0,00;5,00;0,00;0,00;0,00;0,00;0,00;0,00;0,00
2020-04-05;5,00;5,00;0,00;0,00;0,00;0,00;0,00;0,00;0,00;0,00;0,00;0,00;0,00;0,00;0,00;0,00;0,00;0,00;0,00;0,00;0,00
2020-04-12;11,00;0,00;0,00;0,00;0,00;0,00;0,00;0,00;0,00;0,00;0,00;0,00;0,00;0,00;0,00;0,00;0,00;0,00;0,00;0,00;0,00
2020-04-19;10,00;5,00;0,00;0,00;5,00;0,00;0,00;10,00;0,00;0,00;0,00;0,00;5,00;5,00;0,00;0,00;0,00;0,00;0,00;0,00;0,00
2020-04-26;0,00;0,00;10,00;10,00;0,00;0,00;0,00;0,00;0,00;0,00;0,00;0,00;0,00;0,00;0,00;5,00;0,00;0,00;0,00;0,00;0,00
2020-05-03;15,00;5,00;0,00;15,00;0,00;0,00;5,00;0,00;0,00;0,00;0,00;0,00;0,00;0,00;0,00;0,00;0,00;0,00;0,00;0,00;0,00
2020-05-10;5,00;0,00;10,00;0,00;0,00;10,00;0,00;5,00;0,00;5,00;0,00;0,00;0,00;0,00;0,00;0,00;0,00;0,00;0,00;0,00;0,00
2020-05-17;5,00;22,00;11,00;0,00;0,00;5,00;0,00;5,00;0,00;0,00;0,00;0,00;11,00;0,00;0,00;0,00;5,00;5,00;0,00;0,00;0,00
2020-05-24;16,00;11,00;0,00;5,00;10,00;0,00;0,00;5,00;0,00;0,00;0,00;10,00;5,00;0,00;0,00;0,00;0,00;5,00;0,00;0,00;0,00
2020-05-31;31,00;0,00;5,00;0,00;20,00;15,00;5,00;5,00;0,00;0,00;0,00;5,00;0,00;0,00;0,00;10,00;0,00;5,00;0,00;0,00;0,00
2020-06-07;25,00;10,00;20,00;10,00;5,00;0,00;5,00;0,00;0,00;0,00;0,00;5,00;5,00;5,00;0,00;5,00;5,00;5,00;0,00;0,00;0,00
2020-06-14;40,00;15,00;5,00;0,00;25,00;10,00;10,00;5,00;0,00;0,00;0,00;0,00;10,00;0,00;0,00;5,00;0,00;0,00;0,00;0,00;0,00
2020-06-21;55,00;27,00;0,00;0,00;27,00;11,00;27,00;5,00;0,00;0,00;0,00;5,00;11,00;0,00;0,00;5,00;5,00;5,00;0,00;0,00;5,00
2020-06-28;58,00;16,00;0,00;11,00;21,00;11,00;32,00;32,00;0,00;0,00;5,00;5,00;5,00;5,00;5,00;11,00;11,00;11,00;5,00;0,00;0,00
2020-07-05;78,00;17,00;0,00;11,00;22,00;6,00;17,00;28,00;0,00;0,00;0,00;0,00;0,00;0,00;0,00;0,00;0,00;0,00;0,00;0,00;0,00
2020-07-12;57,00;23,00;11,00;0,00;23,00;34,00;46,00;28,00;0,00;6,00;0,00;11,00;0,00;0,00;0,00;0,00;0,00;6,00;6,00;0,00;0,00
2020-07-19;81,00;12,00;29,00;0,00;23,00;23,00;29,00;17,00;0,00;12,00;0,00;6,00;17,00;6,00;0,00;0,00;0,00;6,00;0,00;0,00;0,00
2020-07-26;83,00;12,00;30,00;12,00;6,00;12,00;36,00;18,00;6,00;6,00;6,00;12,00;0,00;0,00;0,00;0,00;0,00;0,00;0,00;0,00;0,00
2020-08-02;91,00;17,00;17,00;6,00;23,00;0,00;23,00;34,00;6,00;6,00;6,00;6,00;0,00;0,00;0,00;0,00;0,00;0,00;0,00;0,00;0,00
2020-08-09;43,00;5,00;5,00;0,00;22,00;11,00;33,00;16,00;0,00;0,00;0,00;5,00;0,00;5,00;0,00;0,00;0,00;0,00;0,00;0,00;0,00
2020-08-16;43,00;11,00;16,00;5,00;37,00;0,00;11,00;21,00;0,00;0,00;0,00;5,00;0,00;5,00;0,00;0,00;0,00;5,00;0,00;0,00;0,00
2020-08-23;32,00;16,00;5,00;5,00;42,00;16,00;5,00;21,00;0,00;0,00;0,00;0,00;5,00;0,00;0,00;0,00;0,00;0,00;0,00;0,00;0,00
2020-08-30;11,00;16,00;11,00;0,00;16,00;16,00;0,00;27,00;0,00;0,00;0,00;5,00;0,00;0,00;0,00;0,00;0,00;0,00;0,00;0,00;0,00
2020-09-06;5,00;5,00;11,00;16,00;11,00;5,00;11,00;0,00;0,00;5,00;0,00;0,00;5,00;0,00;0,00;0,00;0,00;0,00;0,00;0,00;0,00
2020-09-13;21,00;0,00;0,00;5,00;0,00;0,00;0,00;5,00;0,00;5,00;0,00;11,00;0,00;0,00;0,00;0,00;0,00;0,00;0,00;0,00;0,00
2020-09-20;10,00;5,00;5,00;5,00;5,00;0,00;0,00;0,00;0,00;0,00;0,00;5,00;0,00;0,00;0,00;0,00;0,00;0,00;0,00;0,00;0,00
2020-09-27;16,00;5,00;5,00;0,00;16,00;0,00;5,00;0,00;0,00;0,00;0,00;0,00;0,00;0,00;0,00;0,00;0,00;0,00;11,00;0,00;0,00
2020-10-04;17,00;6,00;0,00;0,00;11,00;0,00;6,00;6,00;0,00;0,00;0,00;0,00;0,00;0,00;0,00;0,00;0,00;0,00;0,00;6,00;6,00
2020-10-11;0,00;0,00;11,00;6,00;0,00;6,00;6,00;6,00;0,00;0,00;0,00;0,00;0,00;0,00;0,00;0,00;0,00;0,00;0,00;0,00;0,00
2020-10-18;0,00;0,00;6,00;0,00;11,00;0,00;0,00;0,00;0,00;0,00;0,00;0,00;6,00;0,00;0,00;0,00;0,00;0,00;0,00;0,00;0,00
2020-10-25;22,00;0,00;0,00;0,00;6,00;6,00;6,00;0,00;0,00;0,00;0,00;0,00;0,00;0,00;0,00;0,00;0,00;0,00;0,00;0,00;0,00
2020-11-01;0,00;0,00;0,00;0,00;10,00;0,00;0,00;0,00;0,00;0,00;0,00;0,00;0,00;0,00;0,00;0,00;0,00;0,00;0,00;0,00;0,00
2020-11-08;0,00;0,00;0,00;6,00;0,00;0,00;0,00;0,00;0,00;0,00;0,00;0,00;0,00;0,00;0,00;0,00;0,00;0,00;0,00;0,00;0,00
2020-11-15;5,00;0,00;0,00;0,00;0,00;5,00;5,00;5,00;0,00;0,00;0,00;0,00;0,00;0,00;0,00;0,00;0,00;0,00;0,00;0,00;0,00
2020-11-22;11,00;0,00;0,00;0,00;5,00;0,00;0,00;5,00;0,00;0,00;0,00;0,00;0,00;0,00;0,00;0,00;0,00;0,00;0,00;0,00;0,00
2020-11-29;0,00;0,00;5,00;0,00;5,00;0,00;0,00;0,00;0,00;0,00;0,00;0,00;0,00;0,00;0,00;0,00;0,00;0,00;0,00;0,00;0,00
2020-12-06;11,00;0,00;0,00;0,00;0,00;5,00;0,00;11,00;0,00;0,00;0,00;0,00;0,00;0,00;0,00;0,00;0,00;0,00;0,00;0,00;0,00
2020-12-13;0,00;0,00;0,00;0,00;0,00;11,00;0,00;0,00;0,00;0,00;0,00;0,00;0,00;0,00;0,00;5,00;0,00;0,00;0,00;0,00;0,00
2020-12-20;25,00;6,00;13,00;6,00;6,00;6,00;0,00;0,00;0,00;6,00;0,00;0,00;0,00;6,00;0,00;0,00;0,00;0,00;0,00;0,00;0,00
2020-12-27;6,00;0,00;0,00;0,00;12,00;0,00;0,00;0,00;0,00;6,00;0,00;0,00;0,00;0,00;0,00;0,00;0,00;0,00;0,00;0,00;0,00
2021-01-03;6,00;6,00;6,00;0,00;0,00;0,00;0,00;0,00;0,00;0,00;0,00;0,00;0,00;5,00;0,00;0,00;0,00;0,00;0,00;0,00;0,00
2021-01-10;0,00;0,00;0,00;0,00;0,00;5,00;0,00;0,00;0,00;0,00;0,00;0,00;0,00;0,00;0,00;0,00;0,00;0,00;0,00;0,00;0,00
2021-01-17;11,00;0,00;0,00;5,00;5,00;0,00;0,00;0,00;0,00;0,00;0,00;0,00;0,00;0,00;0,00;0,00;0,00;0,00;0,00;0,00;0,00
2021-01-24;11,00;0,00;0,00;0,00;0,00;0,00;0,00;0,00;0,00;0,00;0,00;5,00;5,00;0,00;0,00;0,00;0,00;0,00;0,00;0,00;0,00
2021-01-31;11,00;0,00;0,00;5,00;11,00;0,00;5,00;5,00;0,00;0,00;0,00;0,00;0,00;0,00;0,00;0,00;0,00;0,00;5,00;0,00;0,00
2021-02-07;0,00;0,00;5,00;5,00;0,00;0,00;0,00;0,00;0,00;0,00;0,00;0,00;0,00;0,00;0,00;0,00;0,00;5,00;0,00;0,00;0,00
2021-02-14;11,00;0,00;0,00;11,00;0,00;0,00;0,00;6,00;0,00;0,00;0,00;0,00;0,00;0,00;0,00;6,00;0,00;0,00;0,00;0,00;0,00
2021-02-21;11,00;0,00;6,00;0,00;0,00;6,00;6,00;0,00;0,00;0,00;0,00;0,00;0,00;6,00;0,00;0,00;0,00;0,00;0,00;0,00;0,00
2021-02-28;11,00;0,00;5,00;0,00;0,00;0,00;0,00;5,00;0,00;0,00;0,00;0,00;0,00;5,00;0,00;0,00;0,00;0,00;0,00;0,00;5,00
2021-03-07;5,00;5,00;5,00;0,00;5,00;5,00;0,00;11,00;0,00;0,00;0,00;0,00;5,00;0,00;0,00;0,00;0,00;5,00;0,00;0,00;0,00
2021-03-14;0,00;0,00;0,00;0,00;0,00;0,00;15,00;0,00;0,00;0,00;0,00;0,00;0,00;5,00;0,00;0,00;0,00;5,00;5,00;0,00;0,00
2021-03-21;22,00;0,00;0,00;0,00;5,00;0,00;0,00;5,00;0,00;0,00;0,00;0,00;0,00;0,00;0,00;0,00;0,00;0,00;0,00;0,00;0,00
2021-03-28;12,00;6,00;6,00;6,00;6,00;0,00;6,00;0,00;0,00;0,00;0,00;6,00;6,00;0,00;0,00;0,00;0,00;0,00;0,00;0,00;0,00
2021-04-04;0,00;0,00;6,00;0,00;6,00;6,00;12,00;0,00;0,00;0,00;0,00;0,00;0,00;6,00;6,00;0,00;0,00;0,00;0,00;0,00;0,00
2021-04-11;5,00;0,00;0,00;5,00;5,00;5,00;0,00;0,00;0,00;0,00;0,00;0,00;0,00;5,00;0,00;0,00;0,00;0,00;0,00;0,00;0,00
2021-04-18;0,00;6,00;6,00;0,00;0,00;0,00;6,00;0,00;0,00;0,00;0,00;0,00;0,00;0,00;0,00;0,00;0,00;6,00;0,00;0,00;0,00
2021-04-25;16,00;0,00;5,00;0,00;5,00;0,00;5,00;0,00;0,00;0,00;0,00;5,00;0,00;5,00;0,00;0,00;0,00;5,00;0,00;0,00;0,00
2021-05-02;0,00;5,00;0,00;27,00;5,00;11,00;0,00;0,00;0,00;0,00;5,00;0,00;11,00;5,00;0,00;0,00;0,00;0,00;0,00;0,00;0,00
2021-05-09;16,00;5,00;0,00;0,00;5,00;5,00;5,00;5,00;0,00;0,00;0,00;11,00;0,00;0,00;0,00;0,00;0,00;5,00;0,00;0,00;0,00
2021-05-16;0,00;0,00;0,00;11,00;5,00;5,00;11,00;5,00;0,00;0,00;0,00;0,00;0,00;0,00;0,00;0,00;0,00;0,00;0,00;0,00;0,00
2021-05-23;6,00;0,00;6,00;11,00;6,00;0,00;0,00;6,00;0,00;6,00;0,00;0,00;6,00;0,00;0,00;6,00;6,00;0,00;0,00;0,00;0,00
2021-05-30;28,00;23,00;11,00;6,00;11,00;0,00;11,00;6,00;0,00;0,00;0,00;11,00;6,00;6,00;0,00;0,00;6,00;0,00;0,00;0,00;0,00
2021-06-06;22,00;5,00;11,00;0,00;5,00;5,00;16,00;0,00;0,00;0,00;0,00;11,00;0,00;0,00;0,00;0,00;0,00;0,00;0,00;0,00;0,00
2021-06-13;45,00;0,00;0,00;0,00;50,00;6,00;0,00;6,00;0,00;0,00;0,00;11,00;0,00;0,00;0,00;0,00;0,00;6,00;0,00;0,00;0,00
2021-06-20;17,00;11,00;0,00;11,00;22,00;11,00;11,00;11,00;0,00;6,00;0,00;11,00;5,00;0,00;0,00;0,00;11,00;0,00;5,00;0,00;0,00
2021-06-27;28,00;22,00;17,00;6,00;22,00;11,00;28,00;6,00;6,00;0,00;0,00;11,00;6,00;6,00;0,00;0,00;0,00;6,00;0,00;0,00;0,00
2021-07-04;64,00;12,00;12,00;6,00;35,00;6,00;35,00;29,00;0,00;0,00;0,00;6,00;6,00;6,00;6,00;0,00;6,00;0,00;0,00;0,00;0,00
2021-07-11;99,00;29,00;12,00;6,00;29,00;0,00;41,00;29,00;0,00;0,00;0,00;12,00;0,00;0,00;0,00;0,00;0,00;6,00;0,00;0,00;0,00
2021-07-18;52,00;32,00;26,00;13,00;19,00;19,00;19,00;26,00;0,00;0,00;0,00;19,00;6,00;0,00;0,00;0,00;0,00;0,00;0,00;0,00;0,00
2021-07-25;84,00;13,00;6,00;6,00;19,00;13,00;26,00;45,00;0,00;0,00;0,00;0,00;0,00;0,00;0,00;0,00;0,00;19,00;0,00;0,00;6,00
2021-08-01;44,00;6,00;31,00;13,00;25,00;0,00;19,00;13,00;0,00;6,00;0,00;6,00;0,00;6,00;0,00;0,00;0,00;6,00;13,00;0,00;0,00
2021-08-08;26,00;6,00;6,00;6,00;13,00;6,00;6,00;0,00;0,00;13,00;6,00;0,00;13,00;0,00;6,00;0,00;0,00;6,00;0,00;0,00;0,00
2021-08-15;24,00;36,00;12,00;0,00;36,00;6,00;18,00;12,00;0,00;6,00;0,00;6,00;6,00;0,00;0,00;0,00;6,00;6,00;0,00;0,00;0,00
2021-08-22;31,00;6,00;12,00;6,00;0,00;6,00;6,00;6,00;0,00;0,00;0,00;6,00;0,00;6,00;0,00;0,00;6,00;6,00;0,00;0,00;0,00
2021-08-29;24,00;6,00;6,00;0,00;12,00;0,00;6,00;12,00;0,00;6,00;0,00;6,00;6,00;0,00;0,00;0,00;6,00;6,00;0,00;0,00;0,00
2021-09-05;30,00;12,00;0,00;0,00;30,00;0,00;0,00;12,00;0,00;0,00;0,00;6,00;0,00;0,00;0,00;6,00;0,00;6,00;0,00;0,00;0,00
2021-09-12;48,00;0,00;0,00;12,00;24,00;12,00;6,00;24,00;0,00;0,00;0,00;12,00;6,00;0,00;6,00;0,00;0,00;0,00;0,00;0,00;0,00
2021-09-19;30,00;6,00;0,00;6,00;18,00;12,00;6,00;18,00;6,00;0,00;0,00;12,00;0,00;6,00;0,00;0,00;0,00;0,00;0,00;0,00;0,00
2021-09-26;18,00;12,00;0,00;18,00;0,00;6,00;6,00;6,00;0,00;0,00;0,00;6,00;0,00;0,00;0,00;0,00;6,00;0,00;0,00;0,00;0,00
2021-10-03;9,00;22,00;4,00;0,00;0,00;4,00;13,00;9,00;0,00;4,00;4,00;9,00;0,00;0,00;0,00;0,00;0,00;0,00;0,00;0,00;4,00
2021-10-10;29,00;0,00;0,00;17,00;12,00;0,00;4,00;8,00;0,00;0,00;0,00;4,00;0,00;0,00;0,00;0,00;0,00;0,00;0,00;0,00;0,00
2021-10-17;33,00;4,00;0,00;8,00;8,00;8,00;8,00;8,00;0,00;0,00;0,00;0,00;0,00;4,00;0,00;0,00;4,00;0,00;0,00;0,00;0,00
2021-10-24;12,00;8,00;4,00;8,00;4,00;0,00;0,00;4,00;0,00;0,00;0,00;0,00;4,00;0,00;0,00;0,00;0,00;0,00;0,00;0,00;0,00
2021-10-31;24,00;8,00;0,00;0,00;8,00;4,00;4,00;0,00;0,00;0,00;0,00;0,00;0,00;4,00;0,00;0,00;0,00;0,00;0,00;0,00;0,00
2021-11-07;23,00;4,00;0,00;0,00;0,00;4,00;0,00;4,00;0,00;0,00;0,00;0,00;0,00;0,00;0,00;0,00;0,00;0,00;0,00;0,00;0,00
2021-11-14;19,00;0,00;4,00;4,00;19,00;0,00;8,00;4,00;0,00;0,00;0,00;0,00;0,00;0,00;0,00;0,00;0,00;0,00;0,00;0,00;0,00
2021-11-21;11,00;0,00;8,00;0,00;8,00;0,00;4,00;4,00;0,00;0,00;0,00;0,00;0,00;0,00;0,00;0,00;0,00;0,00;0,00;0,00;0,00
2021-11-28;19,00;8,00;0,00;4,00;0,00;0,00;4,00;0,00;0,00;0,00;0,00;0,00;0,00;0,00;0,00;0,00;0,00;0,00;0,00;0,00;0,00
2021-12-05;12,00;4,00;0,00;0,00;0,00;0,00;0,00;8,00;0,00;0,00;0,00;4,00;0,00;0,00;0,00;0,00;0,00;0,00;0,00;0,00;0,00
2021-12-12;8,00;0,00;0,00;0,00;12,00;4,00;4,00;8,00;0,00;4,00;0,00;0,00;0,00;0,00;0,00;0,00;0,00;0,00;0,00;0,00;0,00
2021-12-19;14,00;18,00;5,00;0,00;14,00;5,00;0,00;0,00;0,00;0,00;0,00;0,00;0,00;5,00;0,00;0,00;0,00;0,00;0,00;0,00;0,00
2021-12-26;17,00;11,00;0,00;6,00;0,00;0,00;6,00;0,00;0,00;0,00;0,00;6,00;0,00;0,00;6,00;0,00;0,00;0,00;0,00;0,00;0,00
