Semaine;Val de Loire (FR);Chateaux Loire (US);Bourgogne (FR);Drome (FR);Vaucluse (FR);Ardeche (FR);Baie de Somme (FR);Montagne du Luberon (FR);Auvergne (FR);Perigord (FR);Alsace (FR);Provence (FR);Morbihan (US);Gers (FR);Massif Central (FR);Normandie (FR);Cévennes (FR);Morvan (FR);Vosges (FR);Chantilly (FR);Languedoc Roussillon (FR)
2019-01-06;17,00;32,87;17,00;0,00;0,00;0,00;0,00;0,00;0,00;34,00;51,00;34,00;0,00;0,00;0,00;32,45;17,00;0,00;0,00;0,00;0,00
2019-01-13;16,00;0,00;0,00;0,00;0,00;16,00;0,00;0,00;16,00;0,00;30,22;30,22;0,00;0,00;0,00;80,00;0,00;0,00;0,00;0,00;0,00
2019-01-20;46,00;46,00;0,00;0,00;0,00;0,00;0,00;0,00;0,00;0,00;29,44;60,72;0,00;0,00;0,00;46,00;0,00;0,00;0,00;0,00;15,00
2019-01-27;16,00;30,86;0,00;0,00;0,00;16,00;0,00;0,00;16,00;0,00;0,00;68,00;0,00;16,00;0,00;32,00;0,00;0,00;0,00;0,00;16,00
2019-02-03;0,00;29,00;0,00;0,00;0,00;0,00;0,00;0,00;0,00;0,00;9,00;18,00;0,00;0,00;0,00;11,00;0,00;0,00;0,00;0,00;0,00
2019-02-10;50,00;16,28;0,00;0,00;0,00;0,00;0,00;0,00;0,00;0,00;33,33;16,67;0,00;0,00;0,00;33,87;16,13;0,00;0,00;0,00;17,00
2019-02-17;17,00;35,21;0,00;0,00;0,00;17,00;0,00;0,00;0,00;0,00;0,00;0,00;0,00;0,00;0,00;35,70;0,00;0,00;17,00;0,00;0,00
2019-02-24;0,00;14,00;0,00;0,00;0,00;33,00;0,00;0,00;0,00;0,00;35,00;26,00;0,00;0,00;0,00;10,00;0,00;0,00;0,00;0,00;0,00
2019-03-03;17,00;32,87;0,00;0,00;0,00;0,00;0,00;0,00;0,00;0,00;0,00;17,00;0,00;0,00;0,00;0,00;0,00;0,00;0,00;0,00;0,00
2019-03-10;17,00;51,00;0,00;0,00;0,00;0,00;0,00;0,00;17,00;17,00;0,00;17,00;0,00;0,00;0,00;49,45;0,00;0,00;0,00;0,00;0,00
2019-03-17;0,00;15,00;0,00;0,00;0,00;0,00;0,00;0,00;0,00;9,00;27,00;46,00;0,00;0,00;0,00;11,00;0,00;0,00;0,00;0,00;0,00
2019-03-24;51,00;68,39;0,00;0,00;0,00;0,00;0,00;0,00;0,00;17,00;0,00;86,89;17,00;0,00;0,00;33,47;17,53;0,00;0,00;0,00;0,00
2019-03-31;16,00;46,86;0,00;0,00;0,00;0,00;0,00;0,00;0,00;0,00;30,22;46,22;0,00;0,00;0,00;64,00;0,00;0,00;0,00;0,00;0,00
2019-04-07;32,00;46,86;0,00;0,00;0,00;16,00;0,00;0,00;0,00;16,94;48,94;64,00;16,94;0,00;0,00;48,00;0,00;0,00;0,00;0,00;0,00
2019-04-14;17,00;17,00;0,00;0,00;0,00;0,00;0,00;0,00;0,00;17,00;68,00;68,00;0,00;0,00;0,00;32,45;0,00;0,00;0,00;0,00;0,00
2019-04-21;16,00;32,00;0,00;0,00;0,00;0,00;0,00;0,00;0,00;30,22;16,00;76,44;0,00;0,00;0,00;112,00;0,00;0,00;0,00;0,00;16,00
2019-04-28;16,00;0,00;16,00;0,00;0,00;0,00;0,00;0,00;16,00;0,00;32,00;32,00;0,00;0,00;0,00;115,20;0,00;0,00;0,00;16,00;33,00
2019-05-05;0,00;67,00;0,00;0,00;0,00;0,00;0,00;0,00;0,00;0,00;34,00;42,00;0,00;0,00;10,00;29,00;0,00;0,00;0,00;0,00;0,00
2019-05-12;32,00;48,00;0,00;0,00;0,00;0,00;0,00;0,00;16,00;0,00;48,94;82,82;0,00;0,00;0,00;48,00;0,00;0,00;0,00;0,00;16,00
2019-05-19;0,00;41,00;0,00;0,00;0,00;0,00;0,00;0,00;0,00;9,00;26,00;26,00;0,00;0,00;0,00;30,00;0,00;0,00;0,00;0,00;0,00
2019-05-26;16,00;30,86;0,00;0,00;0,00;0,00;0,00;0,00;0,00;0,00;34,00;102,00;0,00;0,00;0,00;94,40;16,00;0,00;0,00;0,00;16,00
2019-06-02;93,00;109,28;31,39;0,00;0,00;0,00;0,00;0,00;16,00;0,00;31,62;31,62;0,00;16,03;0,00;155,53;0,00;0,00;0,00;0,00;0,00
2019-06-09;47,00;31,73;0,00;0,00;15,28;16,00;0,00;0,00;0,00;0,00;47,00;47,00;0,00;0,00;0,00;110,21;0,00;0,00;0,00;0,00;0,00
2019-06-16;16,00;16,00;0,00;0,00;0,00;0,00;0,00;0,00;0,00;0,00;78,22;124,44;0,00;0,00;0,00;147,20;0,00;0,00;0,00;0,00;16,00
2019-06-23;17,00;35,21;0,00;0,00;0,00;17,00;0,00;0,00;0,00;0,00;34,00;151,11;0,00;0,00;0,00;158,10;0,00;0,00;0,00;0,00;17,00
2019-06-30;50,00;116,28;0,00;0,00;0,00;17,00;0,00;0,00;0,00;0,00;66,67;114,81;0,00;0,00;0,00;50,00;0,00;0,00;0,00;0,00;0,00
2019-07-07;80,00;80,00;0,00;0,00;0,00;0,00;0,00;0,00;0,00;0,00;111,63;111,63;0,00;0,00;0,00;160,00;0,00;0,00;0,00;0,00;0,00
2019-07-14;100,00;16,28;33,72;0,00;0,00;0,00;0,00;0,00;17,00;16,67;150,00;83,33;0,00;0,00;0,00;117,74;0,00;0,00;0,00;17,00;33,00
2019-07-21;51,00;84,61;0,00;17,39;0,00;51,00;0,00;0,00;0,00;0,00;34,00;85,00;0,00;0,00;0,00;133,88;0,00;0,00;17,00;0,00;17,00
2019-07-28;52,00;69,33;0,00;0,00;0,00;17,00;0,00;0,00;0,00;0,00;104,00;52,00;0,00;0,00;0,00;69,88;17,88;0,00;0,00;0,00;17,00
2019-08-04;35,00;86,33;0,00;0,00;17,50;0,00;0,00;0,00;0,00;16,58;51,58;171,32;0,00;0,00;0,00;154,32;0,00;0,00;17,00;17,00;0,00
2019-08-11;35,00;52,50;0,00;0,00;0,00;0,00;0,00;0,00;17,00;0,00;119,74;171,32;0,00;0,00;0,00;103,41;0,00;0,00;17,00;0,00;52,00
2019-08-18;34,00;17,59;0,00;0,00;0,00;17,00;0,00;0,00;0,00;0,00;85,00;85,00;0,00;0,00;0,00;136,00;0,00;0,00;0,00;17,00;34,00
2019-08-25;16,00;0,00;0,00;0,00;0,00;16,00;0,00;0,00;0,00;0,00;62,22;16,00;0,00;0,00;0,00;48,00;0,00;0,00;0,00;0,00;16,00
2019-09-01;15,00;0,00;0,00;0,00;0,00;0,00;0,00;0,00;0,00;15,00;121,88;76,88;0,00;0,00;0,00;85,50;0,00;0,00;0,00;0,00;0,00
2019-09-08;15,00;30,00;0,00;0,00;0,00;0,00;0,00;0,00;0,00;0,00;15,00;30,00;0,00;0,00;0,00;15,00;0,00;0,00;0,00;0,00;0,00
2019-09-15;0,00;13,00;0,00;0,00;0,00;0,00;0,00;0,00;0,00;8,00;24,00;32,00;0,00;0,00;0,00;28,00;0,00;0,00;0,00;30,00;0,00
2019-09-22;30,00;45,00;0,00;0,00;0,00;0,00;0,00;0,00;0,00;0,00;75,00;60,00;0,00;0,00;0,00;14,21;14,21;0,00;0,00;15,00;0,00
2019-09-29;0,00;0,00;0,00;0,00;0,00;0,00;0,00;15,00;0,00;0,00;49,00;0,00;0,00;0,00;0,00;10,00;0,00;0,00;0,00;0,00;15,00
2019-10-06;30,00;15,00;0,00;0,00;0,00;30,00;0,00;0,00;0,00;0,00;61,88;30,00;0,00;0,00;0,00;44,21;0,00;0,00;0,00;0,00;0,00
2019-10-13;15,00;15,00;0,00;0,00;0,00;0,00;0,00;0,00;0,00;0,00;60,00;45,00;0,00;0,00;0,00;0,00;0,00;0,00;0,00;15,00;0,00
2019-10-20;73,00;28,97;0,00;0,00;0,00;15,00;0,00;0,00;0,00;14,97;87,97;44,92;0,00;0,00;0,00;42,85;0,00;0,00;0,00;0,00;0,00
2019-10-27;15,00;0,00;0,00;0,00;0,00;0,00;0,00;0,00;0,00;0,00;105,00;60,00;0,00;0,00;0,00;61,67;0,00;0,00;0,00;15,00;15,00
2019-11-03;15,00;15,00;0,00;0,00;0,00;0,00;0,00;0,00;0,00;0,00;88,13;58,13;0,00;0,00;0,00;76,67;0,00;0,00;0,00;0,00;0,00
2019-11-10;0,00;0,00;0,00;0,00;0,00;15,00;0,00;0,00;0,00;0,00;55,00;24,00;0,00;0,00;0,00;18,00;0,00;0,00;0,00;0,00;0,00
2019-11-17;29,00;13,92;13,92;0,00;0,00;0,00;0,00;0,00;0,00;15,47;90,87;44,47;0,00;0,00;14,50;14,50;0,00;0,00;0,00;0,00;29,00
2019-11-24;0,00;12,00;0,00;0,00;0,00;14,00;0,00;0,00;0,00;0,00;69,00;8,00;0,00;0,00;0,00;18,00;0,00;0,00;0,00;0,00;0,00
2019-12-01;0,00;26,00;13,00;0,00;0,00;0,00;0,00;0,00;0,00;8,00;64,00;16,00;0,00;0,00;0,00;19,00;0,00;0,00;0,00;0,00;0,00
2019-12-08;0,00;13,00;0,00;0,00;0,00;0,00;0,00;0,00;0,00;0,00;66,00;0,00;0,00;0,00;0,00;10,00;0,00;0,00;15,00;0,00;0,00
2019-12-15;0,00;13,00;0,00;13,00;0,00;15,00;0,00;0,00;15,00;0,00;32,00;16,00;0,00;0,00;0,00;9,00;0,00;0,00;0,00;0,00;0,00
2019-12-22;32,00;0,00;0,00;0,00;0,00;0,00;0,00;0,00;0,00;0,00;16,94;0,00;0,00;0,00;16,00;16,00;0,00;0,00;0,00;0,00;16,00
2019-12-29;0,00;0,00;28,00;0,00;0,00;0,00;0,00;0,00;0,00;0,00;34,00;0,00;0,00;0,00;0,00;20,00;0,00;0,00;0,00;0,00;16,00
2020-01-05;30,00;30,00;15,00;0,00;0,00;0,00;0,00;0,00;0,00;0,00;45,00;0,00;0,00;0,00;0,00;30,00;0,00;0,00;0,00;0,00;0,00
2020-01-12;41,00;14,06;14,06;14,06;0,00;0,00;0,00;0,00;0,00;0,00;13,05;27,95;0,00;0,00;0,00;39,42;0,00;0,00;0,00;14,00;0,00
2020-01-19;14,00;54,83;14,00;0,00;0,00;0,00;0,00;0,00;0,00;0,00;58,00;44,00;0,00;0,00;0,00;59,50;0,00;0,00;0,00;0,00;14,00
2020-01-26;14,00;57,17;0,00;0,00;0,00;0,00;0,00;0,00;0,00;0,00;40,25;14,00;0,00;0,00;0,00;28,00;0,00;0,00;0,00;0,00;0,00
2020-02-02;14,00;43,17;0,00;0,00;0,00;0,00;0,00;0,00;0,00;0,00;40,25;26,25;0,00;0,00;0,00;40,44;0,00;0,00;0,00;0,00;14,00
2020-02-09;14,00;42,00;0,00;0,00;0,00;0,00;0,00;0,00;0,00;0,00;26,25;66,50;0,00;0,00;0,00;40,44;0,00;0,00;0,00;0,00;28,00
2020-02-16;83,00;83,00;0,00;0,00;0,00;0,00;0,00;0,00;0,00;0,00;55,33;27,67;0,00;0,00;0,00;41,50;0,00;0,00;0,00;0,00;28,00
2020-02-23;27,00;0,00;14,09;0,00;0,00;0,00;0,00;0,00;0,00;12,60;39,60;39,60;0,00;0,00;0,00;12,71;0,00;0,00;0,00;0,00;0,00
2020-03-01;40,00;13,71;0,00;0,00;0,00;0,00;0,00;0,00;0,00;12,73;25,45;65,45;0,00;0,00;0,00;52,80;0,00;0,00;0,00;0,00;0,00
2020-03-08;13,00;13,00;0,00;0,00;0,00;0,00;0,00;0,00;0,00;0,00;26,00;0,00;0,00;0,00;0,00;13,00;0,00;0,00;0,00;0,00;0,00
2020-03-15;0,00;0,00;0,00;0,00;0,00;0,00;0,00;0,00;0,00;0,00;0,00;0,00;0,00;0,00;0,00;16,00;0,00;0,00;0,00;13,00;0,00
2020-03-22;12,00;34,91;0,00;0,00;0,00;0,00;0,00;0,00;0,00;0,00;0,00;22,29;0,00;0,00;0,00;34,50;0,00;0,00;0,00;0,00;0,00
2020-03-29;0,00;0,00;0,00;0,00;0,00;0,00;0,00;0,00;0,00;0,00;20,00;7,00;7,00;0,00;0,00;8,00;0,00;0,00;0,00;0,00;0,00
2020-04-05;13,00;0,00;0,00;0,00;0,00;0,00;0,00;0,00;0,00;0,00;13,00;0,00;0,00;0,00;0,00;26,00;0,00;0,00;0,00;0,00;0,00
2020-04-12;0,00;0,00;0,00;0,00;0,00;0,00;0,00;0,00;0,00;0,00;13,00;0,00;0,00;8,00;0,00;15,00;0,00;0,00;0,00;0,00;0,00
2020-04-19;0,00;10,00;0,00;0,00;0,00;0,00;0,00;0,00;0,00;0,00;7,00;0,00;0,00;0,00;0,00;23,00;0,00;0,00;0,00;0,00;12,00
2020-04-26;12,00;0,00;0,00;0,00;0,00;0,00;0,00;0,00;0,00;0,00;0,00;12,00;0,00;0,00;0,00;24,00;0,00;0,00;0,00;13,00;0,00
2020-05-03;0,00;0,00;0,00;0,00;0,00;0,00;0,00;0,00;0,00;0,00;0,00;13,00;0,00;0,00;0,00;15,00;0,00;0,00;0,00;0,00;0,00
2020-05-10;0,00;11,00;0,00;0,00;0,00;0,00;0,00;0,00;0,00;0,00;0,00;0,00;0,00;0,00;0,00;0,00;0,00;0,00;0,00;0,00;12,00
2020-05-17;0,00;0,00;0,00;0,00;0,00;0,00;0,00;0,00;0,00;0,00;0,00;7,00;0,00;0,00;0,00;0,00;0,00;0,00;0,00;0,00;0,00
2020-05-24;0,00;11,00;0,00;0,00;0,00;0,00;0,00;0,00;0,00;0,00;0,00;0,00;0,00;0,00;0,00;16,00;0,00;0,00;0,00;0,00;0,00
2020-05-31;0,00;0,00;0,00;0,00;0,00;0,00;0,00;0,00;0,00;0,00;13,00;7,00;0,00;0,00;0,00;8,00;0,00;0,00;0,00;0,00;12,00
2020-06-07;25,00;0,00;0,00;0,00;0,00;0,00;0,00;13,00;0,00;0,00;0,00;12,50;0,00;0,00;0,00;25,00;0,00;0,00;0,00;0,00;0,00
2020-06-14;0,00;11,00;11,00;0,00;0,00;0,00;0,00;0,00;0,00;0,00;7,00;7,00;0,00;0,00;0,00;17,00;0,00;0,00;0,00;0,00;0,00
2020-06-21;0,00;61,00;0,00;0,00;0,00;0,00;0,00;0,00;0,00;0,00;0,00;38,00;0,00;0,00;0,00;9,00;9,00;0,00;0,00;0,00;0,00
2020-06-28;14,00;0,00;0,00;0,00;0,00;0,00;0,00;14,00;0,00;0,00;30,00;44,00;0,00;0,00;0,00;26,44;0,00;0,00;0,00;0,00;0,00
2020-07-05;0,00;0,00;0,00;0,00;0,00;0,00;0,00;0,00;0,00;0,00;0,00;15,00;0,00;0,00;0,00;9,00;0,00;0,00;0,00;0,00;14,00
2020-07-12;0,00;0,00;0,00;0,00;13,00;15,00;0,00;0,00;0,00;0,00;0,00;8,00;0,00;0,00;0,00;9,00;0,00;0,00;0,00;0,00;15,00
2020-07-19;0,00;0,00;0,00;13,00;0,00;0,00;0,00;0,00;0,00;0,00;8,00;33,00;0,00;0,00;0,00;0,00;0,00;0,00;0,00;15,00;0,00
2020-07-26;46,00;46,00;0,00;0,00;0,00;0,00;0,00;0,00;0,00;0,00;14,72;46,00;0,00;0,00;0,00;15,86;0,00;0,00;0,00;15,00;0,00
2020-08-02;16,00;33,23;0,00;0,00;0,00;0,00;0,00;0,00;0,00;0,00;0,00;50,00;0,00;0,00;0,00;0,00;0,00;0,00;0,00;0,00;0,00
2020-08-09;15,00;30,00;0,00;0,00;0,00;15,00;0,00;0,00;0,00;0,00;15,00;30,00;0,00;0,00;0,00;31,67;0,00;0,00;0,00;0,00;30,00
2020-08-16;31,00;14,93;14,93;0,00;0,00;16,00;0,00;0,00;0,00;0,00;14,59;45,59;0,00;0,00;0,00;47,32;0,00;0,00;0,00;0,00;0,00
2020-08-23;45,00;0,00;0,00;0,00;0,00;15,00;0,00;0,00;0,00;0,00;30,00;15,00;0,00;0,00;14,46;0,00;0,00;0,00;0,00;0,00;45,00
2020-08-30;0,00;0,00;0,00;0,00;0,00;0,00;0,00;0,00;0,00;0,00;0,00;8,00;0,00;0,00;0,00;9,00;0,00;0,00;0,00;0,00;0,00
2020-09-06;29,00;29,00;15,08;0,00;0,00;0,00;0,00;0,00;0,00;0,00;0,00;56,19;0,00;0,00;0,00;14,50;0,00;0,00;0,00;0,00;0,00
2020-09-13;28,00;0,00;0,00;0,00;0,00;0,00;0,00;0,00;0,00;0,00;14,93;56,00;0,00;0,00;0,00;14,00;0,00;0,00;0,00;14,00;14,00
2020-09-20;14,00;28,00;0,00;0,00;0,00;0,00;0,00;0,00;0,00;0,00;0,00;0,00;0,00;0,00;0,00;14,00;0,00;0,00;0,00;0,00;14,00
2020-09-27;14,00;0,00;0,00;0,00;0,00;0,00;0,00;0,00;0,00;0,00;14,00;14,00;0,00;0,00;0,00;14,00;0,00;0,00;0,00;0,00;0,00
2020-10-04;0,00;0,00;0,00;0,00;0,00;0,00;0,00;15,00;0,00;8,00;32,00;0,00;0,00;9,00;0,00;9,00;0,00;0,00;0,00;0,00;0,00
2020-10-11;16,00;16,00;0,00;0,00;0,00;0,00;0,00;0,00;0,00;0,00;34,00;34,00;0,00;0,00;0,00;30,40;0,00;0,00;0,00;0,00;0,00
2020-10-18;0,00;0,00;0,00;0,00;0,00;0,00;0,00;0,00;0,00;0,00;16,00;0,00;0,00;0,00;0,00;9,00;9,00;0,00;15,00;0,00;0,00
2020-10-25;15,00;0,00;0,00;0,00;0,00;0,00;0,00;0,00;0,00;0,00;0,00;0,00;0,00;0,00;0,00;15,00;0,00;0,00;0,00;0,00;0,00
2020-11-01;0,00;0,00;0,00;0,00;0,00;0,00;0,00;0,00;0,00;0,00;0,00;0,00;0,00;0,00;0,00;0,00;0,00;0,00;14,00;0,00;0,00
2020-11-08;0,00;0,00;0,00;0,00;0,00;0,00;0,00;0,00;0,00;0,00;0,00;16,00;0,00;0,00;9,00;9,00;0,00;30,00;0,00;0,00;0,00
2020-11-15;0,00;13,00;0,00;13,00;0,00;0,00;0,00;0,00;0,00;0,00;0,00;16,00;0,00;0,00;0,00;9,00;0,00;0,00;0,00;0,00;0,00
2020-11-22;0,00;0,00;0,00;12,00;0,00;0,00;0,00;0,00;14,00;0,00;8,00;15,00;0,00;0,00;0,00;9,00;0,00;0,00;0,00;0,00;0,00
2020-11-29;15,00;0,00;0,00;0,00;0,00;0,00;0,00;0,00;0,00;0,00;15,00;30,00;0,00;0,00;0,00;0,00;0,00;0,00;0,00;0,00;15,00
2020-12-06;0,00;13,00;0,00;13,00;0,00;0,00;0,00;0,00;0,00;0,00;8,00;0,00;0,00;0,00;0,00;0,00;0,00;0,00;0,00;15,00;0,00
2020-12-13;0,00;0,00;0,00;0,00;0,00;0,00;0,00;0,00;0,00;0,00;0,00;8,00;0,00;0,00;0,00;0,00;0,00;0,00;0,00;0,00;15,00
2020-12-20;0,00;0,00;0,00;0,00;0,00;0,00;0,00;0,00;0,00;0,00;0,00;0,00;0,00;0,00;0,00;0,00;0,00;0,00;0,00;0,00;0,00
2020-12-27;16,00;16,00;16,00;0,00;0,00;0,00;0,00;0,00;0,00;0,00;0,00;16,00;0,00;0,00;0,00;0,00;0,00;0,00;0,00;0,00;0,00
2021-01-03;0,00;12,00;0,00;0,00;0,00;0,00;0,00;0,00;0,00;0,00;0,00;8,00;0,00;0,00;0,00;0,00;0,00;0,00;0,00;0,00;0,00
2021-01-10;0,00;0,00;0,00;0,00;0,00;0,00;0,00;0,00;0,00;0,00;24,00;0,00;0,00;0,00;0,00;0,00;0,00;15,00;0,00;0,00;0,00
2021-01-17;14,00;0,00;0,00;0,00;0,00;0,00;0,00;14,00;0,00;0,00;28,00;14,00;0,00;0,00;0,00;0,00;0,00;0,00;0,00;0,00;0,00
2021-01-24;0,00;0,00;0,00;0,00;0,00;0,00;0,00;0,00;14,00;0,00;0,00;8,00;0,00;0,00;0,00;9,00;0,00;0,00;0,00;14,00;0,00
2021-01-31;15,00;0,00;0,00;0,00;0,00;0,00;0,00;0,00;0,00;0,00;0,00;43,13;0,00;0,00;0,00;15,00;0,00;0,00;0,00;0,00;0,00
2021-02-07;0,00;0,00;0,00;0,00;0,00;0,00;0,00;0,00;0,00;0,00;0,00;23,00;0,00;0,00;0,00;9,00;0,00;0,00;0,00;0,00;0,00
2021-02-14;0,00;13,00;0,00;0,00;0,00;0,00;0,00;0,00;0,00;0,00;8,00;0,00;0,00;0,00;0,00;19,00;0,00;0,00;0,00;0,00;0,00
2021-02-21;0,00;13,00;0,00;0,00;0,00;0,00;0,00;0,00;0,00;0,00;0,00;0,00;0,00;0,00;0,00;28,00;0,00;0,00;0,00;0,00;0,00
2021-02-28;0,00;0,00;13,00;0,00;0,00;0,00;0,00;0,00;0,00;0,00;8,00;8,00;0,00;0,00;0,00;19,00;0,00;0,00;0,00;0,00;15,00
2021-03-07;0,00;13,00;0,00;0,00;0,00;0,00;0,00;0,00;0,00;0,00;0,00;16,00;0,00;0,00;0,00;19,00;0,00;0,00;0,00;0,00;15,00
2021-03-14;0,00;25,00;0,00;0,00;0,00;0,00;0,00;0,00;0,00;0,00;0,00;23,00;0,00;0,00;0,00;9,00;0,00;0,00;0,00;0,00;14,00
2021-03-21;0,00;0,00;0,00;0,00;0,00;0,00;0,00;0,00;0,00;0,00;0,00;9,00;0,00;0,00;0,00;20,00;0,00;0,00;0,00;0,00;0,00
2021-03-28;0,00;0,00;0,00;0,00;0,00;0,00;0,00;0,00;0,00;0,00;0,00;9,00;0,00;0,00;0,00;10,00;0,00;0,00;0,00;0,00;0,00
2021-04-04;0,00;0,00;0,00;0,00;0,00;0,00;0,00;0,00;0,00;8,00;8,00;8,00;0,00;0,00;0,00;10,00;0,00;0,00;0,00;0,00;0,00
2021-04-11;0,00;13,00;13,00;0,00;0,00;0,00;0,00;0,00;0,00;0,00;0,00;8,00;0,00;0,00;0,00;0,00;0,00;0,00;0,00;0,00;15,00
2021-04-18;0,00;0,00;26,00;0,00;0,00;0,00;0,00;0,00;15,00;0,00;8,00;16,00;0,00;0,00;0,00;19,00;0,00;0,00;0,00;0,00;0,00
2021-04-25;15,00;15,00;0,00;0,00;0,00;0,00;0,00;0,00;0,00;0,00;0,00;43,13;15,00;0,00;0,00;30,00;0,00;0,00;0,00;0,00;0,00
2021-05-02;0,00;0,00;0,00;0,00;0,00;0,00;0,00;0,00;0,00;0,00;16,00;25,00;0,00;0,00;10,00;19,00;0,00;0,00;0,00;0,00;0,00
2021-05-09;15,00;0,00;0,00;0,00;0,00;0,00;0,00;0,00;0,00;15,00;0,00;15,00;0,00;0,00;0,00;31,67;0,00;0,00;0,00;0,00;0,00
2021-05-16;0,00;13,00;0,00;0,00;0,00;0,00;0,00;0,00;15,00;0,00;8,00;33,00;0,00;0,00;0,00;10,00;0,00;0,00;0,00;0,00;16,00
2021-05-23;16,00;16,00;0,00;0,00;0,00;16,00;0,00;0,00;0,00;0,00;0,00;0,00;0,00;0,00;0,00;62,40;0,00;0,00;0,00;0,00;0,00
2021-05-30;0,00;26,00;0,00;0,00;0,00;0,00;0,00;0,00;0,00;0,00;0,00;24,00;0,00;0,00;0,00;9,00;0,00;0,00;0,00;0,00;0,00
2021-06-06;16,00;16,00;0,00;0,00;0,00;16,00;0,00;0,00;0,00;0,00;16,00;68,00;0,00;0,00;0,00;32,00;0,00;0,00;0,00;16,00;16,00
2021-06-13;0,00;53,00;0,00;0,00;0,00;0,00;0,00;0,00;0,00;0,00;0,00;58,00;0,00;0,00;0,00;0,00;0,00;0,00;0,00;0,00;15,00
2021-06-20;0,00;14,00;0,00;0,00;0,00;0,00;0,00;0,00;0,00;0,00;9,00;53,00;0,00;0,00;0,00;31,00;10,00;0,00;16,00;0,00;16,00
2021-06-27;16,00;0,00;0,00;0,00;0,00;0,00;0,00;0,00;0,00;0,00;16,00;30,22;0,00;0,00;0,00;32,00;0,00;16,00;0,00;0,00;16,00
2021-07-04;33,00;0,00;0,00;0,00;0,00;0,00;0,00;0,00;16,00;0,00;50,47;50,47;0,00;0,00;0,00;49,50;0,00;0,00;0,00;0,00;0,00
2021-07-11;49,00;32,67;0,00;0,00;0,00;0,00;0,00;0,00;0,00;0,00;0,00;65,96;0,00;0,00;0,00;80,61;0,00;0,00;0,00;0,00;16,00
2021-07-18;0,00;0,00;0,00;0,00;0,00;0,00;0,00;0,00;0,00;0,00;27,00;27,00;0,00;0,00;0,00;21,00;0,00;0,00;17,00;0,00;0,00
2021-07-25;0,00;28,00;0,00;0,00;0,00;0,00;0,00;0,00;16,00;0,00;0,00;17,00;0,00;0,00;0,00;41,00;0,00;0,00;0,00;0,00;0,00
2021-08-01;33,00;16,50;0,00;0,00;0,00;16,00;0,00;0,00;16,00;0,00;0,00;47,67;0,00;0,00;0,00;113,14;15,71;0,00;0,00;0,00;0,00
2021-08-08;34,00;17,59;0,00;0,00;0,00;0,00;0,00;0,00;0,00;0,00;17,00;34,00;0,00;0,00;0,00;85,81;0,00;0,00;0,00;0,00;0,00
2021-08-15;0,00;29,00;0,00;0,00;0,00;0,00;0,00;0,00;0,00;0,00;45,00;9,00;0,00;0,00;0,00;52,00;0,00;17,00;0,00;0,00;0,00
2021-08-22;18,00;18,00;0,00;0,00;0,00;18,00;18,00;18,00;0,00;0,00;76,00;38,00;0,00;0,00;0,00;54,00;0,00;0,00;0,00;0,00;35,00
2021-08-29;35,00;17,50;0,00;0,00;0,00;0,00;0,00;0,00;0,00;0,00;35,00;51,58;0,00;0,00;0,00;35,00;0,00;0,00;0,00;0,00;17,00
2021-09-05;0,00;0,00;0,00;0,00;0,00;0,00;0,00;0,00;0,00;0,00;29,00;19,00;0,00;0,00;0,00;22,00;0,00;0,00;0,00;18,00;0,00
2021-09-12;34,00;0,00;0,00;0,00;0,00;0,00;0,00;0,00;0,00;0,00;52,89;34,00;0,00;0,00;0,00;0,00;0,00;0,00;0,00;0,00;0,00
2021-09-19;0,00;15,00;0,00;0,00;0,00;0,00;0,00;0,00;0,00;0,00;72,00;45,00;0,00;0,00;0,00;32,00;0,00;0,00;0,00;0,00;0,00
2021-09-26;0,00;0,00;0,00;0,00;0,00;0,00;0,00;0,00;0,00;0,00;18,00;9,00;0,00;0,00;0,00;11,00;0,00;0,00;0,00;0,00;17,00
2021-10-03;13,00;0,00;0,00;0,00;0,00;0,00;0,00;0,00;0,00;0,00;37,14;39,00;0,00;0,00;0,00;13,00;0,00;0,00;0,00;0,00;0,00
2021-10-10;24,00;24,00;0,00;0,00;0,00;0,00;0,00;0,00;0,00;0,00;84,92;12,92;0,00;0,00;0,00;60,80;0,00;0,00;0,00;0,00;24,00
2021-10-17;23,00;33,35;0,00;0,00;0,00;0,00;0,00;0,00;0,00;0,00;34,50;34,50;0,00;0,00;0,00;46,00;0,00;0,00;0,00;0,00;0,00
2021-10-24;0,00;0,00;10,00;0,00;0,00;0,00;0,00;0,00;0,00;0,00;37,00;24,00;0,00;0,00;0,00;28,00;0,00;0,00;0,00;0,00;11,00
2021-10-31;0,00;30,00;0,00;0,00;0,00;0,00;0,00;0,00;0,00;0,00;100,00;0,00;0,00;0,00;0,00;22,00;0,00;0,00;0,00;0,00;12,00
2021-11-07;0,00;10,00;0,00;0,00;0,00;0,00;0,00;0,00;0,00;0,00;95,00;0,00;0,00;0,00;0,00;22,00;0,00;0,00;0,00;0,00;0,00
2021-11-14;0,00;10,00;0,00;0,00;0,00;0,00;0,00;0,00;0,00;6,00;55,00;12,00;0,00;0,00;0,00;14,00;0,00;0,00;0,00;0,00;0,00
2021-11-21;11,00;0,00;0,00;0,00;0,00;0,00;0,00;0,00;0,00;0,00;33,00;0,00;0,00;0,00;0,00;22,00;0,00;0,00;11,00;0,00;0,00
2021-11-28;11,00;0,00;11,00;0,00;0,00;11,00;0,00;0,00;0,00;0,00;67,83;22,00;0,00;0,00;0,00;33,00;0,00;0,00;0,00;0,00;0,00
2021-12-05;12,00;12,00;0,00;0,00;0,00;0,00;0,00;0,00;0,00;0,00;34,29;22,29;0,00;0,00;0,00;12,00;0,00;0,00;0,00;0,00;12,00
2021-12-12;0,00;11,00;11,00;0,00;0,00;0,00;0,00;0,00;0,00;0,00;27,00;0,00;0,00;0,00;0,00;24,00;0,00;0,00;0,00;0,00;0,00
2021-12-19;0,00;13,00;0,00;0,00;0,00;0,00;0,00;0,00;0,00;0,00;24,00;0,00;0,00;0,00;0,00;9,00;0,00;0,00;0,00;0,00;0,00
2021-12-26;0,00;0,00;0,00;0,00;0,00;0,00;0,00;0,00;0,00;0,00;28,00;9,00;0,00;0,00;0,00;0,00;0,00;0,00;0,00;0,00;0,00
