Semaine;Chamonix (FR);Val Thorens (FR);Alpe d Huez (FR);Les Deux Alpes (FR);Tignes (FR);Les Arcs (FR);Les Ménuires (FR);Avoriaz (FR);La Plagne (FR);La Clusaz (FR);Morzine (FR);Châtel (FR);Les Gets (FR);Val Cenis (FR);Courchevel (FR);Serre Chevalier (FR);Samoëns (FR);Valloire (FR);Méribel (FR);Val d Isère (FR);Megève (FR);Vars (FR);Grand Bornand (FR);Font Romeu (FR);St Lary (FR);Barèges (FR);La Mongie (FR);Peyragudes (FR)
2019-01-06;43,00;12,00;0,00;0,00;0,00;12,00;0,00;6,00;0,00;0,00;0,00;0,00;6,00;0,00;6,00;0,00;0,00;0,00;0,00;0,00;0,00;0,00;0,00;0,00;0,00;0,00;0,00;0,00
2019-01-13;42,00;0,00;18,00;6,00;12,00;6,00;0,00;12,00;0,00;0,00;6,00;0,00;6,00;0,00;12,00;6,00;0,00;0,00;0,00;6,00;0,00;0,00;0,00;6,00;0,00;0,00;0,00;0,00
2019-01-20;42,00;0,00;0,00;0,00;6,00;12,00;0,00;18,00;0,00;0,00;6,00;0,00;0,00;0,00;12,00;0,00;0,00;0,00;0,00;6,00;0,00;0,00;0,00;0,00;0,00;0,00;0,00;0,00
2019-01-27;71,00;6,00;6,00;0,00;24,00;0,00;12,00;0,00;0,00;0,00;6,00;6,00;0,00;0,00;0,00;6,00;0,00;0,00;12,00;0,00;0,00;0,00;0,00;0,00;0,00;0,00;0,00;0,00
2019-02-03;47,00;0,00;6,00;0,00;0,00;0,00;0,00;0,00;0,00;0,00;6,00;0,00;0,00;0,00;12,00;0,00;0,00;6,00;6,00;18,00;6,00;0,00;0,00;0,00;0,00;0,00;0,00;0,00
2019-02-10;36,00;0,00;12,00;0,00;12,00;6,00;0,00;0,00;6,00;0,00;0,00;0,00;0,00;0,00;0,00;0,00;0,00;0,00;6,00;6,00;6,00;0,00;0,00;0,00;0,00;0,00;0,00;0,00
2019-02-17;48,00;0,00;0,00;6,00;6,00;12,00;0,00;12,00;6,00;0,00;18,00;6,00;6,00;0,00;12,00;0,00;0,00;0,00;6,00;6,00;0,00;0,00;0,00;0,00;0,00;0,00;0,00;0,00
2019-02-24;35,00;12,00;0,00;0,00;0,00;6,00;0,00;0,00;0,00;0,00;6,00;0,00;0,00;0,00;18,00;0,00;0,00;0,00;0,00;18,00;6,00;0,00;0,00;0,00;0,00;0,00;0,00;0,00
2019-03-03;30,00;0,00;6,00;6,00;0,00;6,00;0,00;0,00;0,00;0,00;0,00;0,00;0,00;0,00;0,00;0,00;0,00;0,00;6,00;0,00;0,00;6,00;0,00;6,00;0,00;0,00;0,00;0,00
2019-03-10;30,00;0,00;18,00;0,00;6,00;0,00;0,00;0,00;0,00;0,00;12,00;0,00;0,00;0,00;12,00;6,00;0,00;0,00;0,00;6,00;6,00;0,00;0,00;0,00;0,00;0,00;0,00;0,00
2019-03-17;12,00;0,00;12,00;0,00;0,00;0,00;0,00;0,00;0,00;0,00;0,00;0,00;0,00;0,00;0,00;6,00;6,00;0,00;0,00;0,00;12,00;0,00;0,00;0,00;0,00;0,00;0,00;0,00
2019-03-24;56,00;12,00;0,00;0,00;0,00;0,00;0,00;6,00;0,00;0,00;6,00;0,00;0,00;0,00;0,00;0,00;0,00;0,00;0,00;6,00;6,00;0,00;0,00;0,00;0,00;0,00;0,00;0,00
2019-03-31;31,00;0,00;12,00;0,00;0,00;0,00;0,00;6,00;0,00;0,00;0,00;0,00;0,00;0,00;6,00;0,00;0,00;0,00;6,00;0,00;0,00;0,00;0,00;0,00;0,00;0,00;0,00;0,00
2019-04-07;18,00;0,00;6,00;0,00;0,00;0,00;0,00;6,00;0,00;0,00;0,00;0,00;0,00;0,00;0,00;0,00;6,00;0,00;0,00;0,00;0,00;0,00;0,00;0,00;0,00;0,00;0,00;0,00
2019-04-14;25,00;6,00;0,00;0,00;0,00;0,00;0,00;0,00;6,00;0,00;0,00;0,00;0,00;0,00;0,00;0,00;0,00;0,00;0,00;0,00;0,00;0,00;0,00;0,00;0,00;0,00;0,00;0,00
2019-04-21;38,00;0,00;13,00;0,00;0,00;0,00;0,00;6,00;0,00;0,00;0,00;0,00;0,00;0,00;6,00;0,00;0,00;0,00;0,00;0,00;0,00;0,00;0,00;0,00;0,00;0,00;0,00;0,00
2019-04-28;43,00;6,00;0,00;0,00;0,00;6,00;0,00;0,00;0,00;0,00;6,00;0,00;0,00;0,00;12,00;0,00;0,00;0,00;0,00;0,00;0,00;6,00;0,00;0,00;0,00;0,00;0,00;0,00
2019-05-05;18,00;0,00;0,00;0,00;6,00;0,00;0,00;6,00;0,00;0,00;0,00;0,00;0,00;0,00;0,00;0,00;0,00;0,00;6,00;0,00;0,00;0,00;0,00;0,00;6,00;0,00;0,00;0,00
2019-05-12;19,00;0,00;6,00;0,00;6,00;0,00;0,00;0,00;0,00;0,00;0,00;0,00;0,00;0,00;6,00;0,00;0,00;0,00;0,00;0,00;0,00;0,00;0,00;0,00;0,00;0,00;0,00;0,00
2019-05-19;19,00;6,00;0,00;0,00;0,00;0,00;0,00;0,00;0,00;0,00;0,00;0,00;0,00;0,00;0,00;6,00;0,00;0,00;6,00;0,00;0,00;0,00;0,00;0,00;0,00;0,00;0,00;0,00
2019-05-26;6,00;0,00;0,00;13,00;6,00;0,00;0,00;0,00;0,00;0,00;0,00;0,00;0,00;0,00;0,00;0,00;0,00;0,00;0,00;0,00;6,00;0,00;0,00;0,00;0,00;0,00;0,00;0,00
2019-06-02;31,00;0,00;19,00;0,00;6,00;0,00;0,00;0,00;0,00;0,00;0,00;0,00;0,00;0,00;13,00;0,00;19,00;0,00;0,00;0,00;6,00;0,00;0,00;0,00;0,00;0,00;0,00;0,00
2019-06-09;38,00;0,00;13,00;0,00;0,00;0,00;0,00;0,00;0,00;0,00;0,00;0,00;0,00;0,00;0,00;0,00;0,00;0,00;0,00;0,00;0,00;0,00;0,00;0,00;0,00;0,00;0,00;0,00
2019-06-16;31,00;0,00;0,00;0,00;0,00;0,00;0,00;0,00;0,00;0,00;6,00;0,00;0,00;0,00;0,00;0,00;0,00;0,00;0,00;0,00;0,00;0,00;0,00;0,00;0,00;0,00;0,00;0,00
2019-06-23;45,00;0,00;0,00;6,00;6,00;0,00;0,00;0,00;0,00;0,00;6,00;0,00;0,00;0,00;0,00;6,00;6,00;0,00;0,00;6,00;0,00;0,00;0,00;0,00;0,00;0,00;0,00;0,00
2019-06-30;46,00;0,00;0,00;7,00;7,00;0,00;0,00;7,00;0,00;0,00;0,00;0,00;7,00;0,00;7,00;0,00;0,00;0,00;0,00;0,00;7,00;0,00;0,00;0,00;0,00;0,00;0,00;0,00
2019-07-07;44,00;0,00;0,00;0,00;0,00;0,00;0,00;0,00;0,00;0,00;0,00;0,00;6,00;0,00;0,00;0,00;0,00;0,00;6,00;0,00;6,00;0,00;0,00;0,00;0,00;0,00;0,00;0,00
2019-07-14;63,00;0,00;6,00;19,00;0,00;0,00;0,00;0,00;0,00;0,00;13,00;0,00;6,00;0,00;6,00;6,00;0,00;0,00;0,00;6,00;6,00;0,00;0,00;0,00;0,00;0,00;0,00;0,00
2019-07-21;65,00;6,00;13,00;13,00;26,00;0,00;0,00;0,00;0,00;7,00;0,00;0,00;0,00;0,00;0,00;0,00;0,00;0,00;6,00;20,00;0,00;0,00;0,00;0,00;0,00;0,00;0,00;0,00
2019-07-28;45,00;6,00;0,00;0,00;6,00;6,00;0,00;0,00;0,00;0,00;0,00;0,00;0,00;0,00;6,00;0,00;0,00;0,00;0,00;0,00;0,00;0,00;0,00;0,00;6,00;0,00;0,00;0,00
2019-08-04;32,00;6,00;13,00;13,00;0,00;0,00;0,00;6,00;6,00;0,00;0,00;0,00;0,00;0,00;6,00;0,00;6,00;0,00;13,00;13,00;6,00;0,00;0,00;0,00;6,00;0,00;0,00;0,00
2019-08-11;43,00;6,00;0,00;0,00;6,00;0,00;0,00;0,00;0,00;0,00;0,00;0,00;0,00;0,00;6,00;0,00;0,00;0,00;0,00;0,00;6,00;0,00;6,00;0,00;0,00;0,00;0,00;0,00
2019-08-18;30,00;6,00;12,00;0,00;6,00;0,00;0,00;0,00;0,00;0,00;6,00;0,00;0,00;0,00;0,00;0,00;0,00;0,00;0,00;6,00;0,00;0,00;0,00;0,00;0,00;0,00;0,00;0,00
2019-08-25;36,00;0,00;12,00;0,00;0,00;0,00;0,00;0,00;0,00;0,00;6,00;0,00;0,00;0,00;6,00;0,00;0,00;0,00;0,00;0,00;0,00;0,00;0,00;0,00;0,00;0,00;0,00;0,00
2019-09-01;35,00;6,00;0,00;0,00;11,00;6,00;0,00;0,00;0,00;0,00;6,00;0,00;0,00;0,00;0,00;0,00;6,00;0,00;6,00;0,00;0,00;0,00;0,00;0,00;0,00;0,00;0,00;0,00
2019-09-08;45,00;6,00;6,00;0,00;6,00;0,00;0,00;0,00;11,00;0,00;6,00;0,00;0,00;0,00;0,00;0,00;0,00;0,00;0,00;11,00;6,00;0,00;6,00;0,00;0,00;0,00;0,00;0,00
2019-09-15;45,00;6,00;17,00;6,00;0,00;0,00;0,00;0,00;0,00;0,00;0,00;0,00;0,00;0,00;11,00;0,00;6,00;0,00;0,00;17,00;0,00;0,00;0,00;6,00;0,00;0,00;0,00;0,00
2019-09-22;57,00;0,00;6,00;0,00;6,00;0,00;0,00;6,00;0,00;6,00;11,00;0,00;0,00;0,00;0,00;0,00;0,00;0,00;0,00;6,00;11,00;0,00;0,00;0,00;0,00;0,00;0,00;0,00
2019-09-29;34,00;6,00;11,00;0,00;17,00;0,00;6,00;0,00;0,00;11,00;0,00;0,00;0,00;0,00;11,00;0,00;6,00;0,00;17,00;17,00;0,00;6,00;0,00;0,00;0,00;0,00;0,00;0,00
2019-10-06;35,00;0,00;6,00;12,00;11,00;0,00;0,00;6,00;0,00;0,00;6,00;0,00;0,00;0,00;0,00;0,00;0,00;0,00;6,00;6,00;0,00;0,00;0,00;0,00;6,00;0,00;0,00;0,00
2019-10-13;23,00;6,00;6,00;0,00;6,00;0,00;0,00;0,00;0,00;6,00;0,00;0,00;0,00;0,00;6,00;0,00;0,00;0,00;0,00;6,00;0,00;0,00;0,00;0,00;0,00;0,00;0,00;0,00
2019-10-20;34,00;6,00;6,00;0,00;6,00;0,00;0,00;0,00;0,00;0,00;11,00;0,00;0,00;0,00;0,00;6,00;0,00;6,00;6,00;0,00;0,00;0,00;0,00;0,00;0,00;0,00;0,00;0,00
2019-10-27;57,00;0,00;0,00;6,00;0,00;0,00;0,00;0,00;6,00;0,00;0,00;6,00;0,00;0,00;6,00;0,00;6,00;0,00;6,00;0,00;17,00;0,00;6,00;6,00;0,00;0,00;0,00;0,00
2019-11-03;11,00;6,00;11,00;0,00;11,00;6,00;6,00;6,00;0,00;6,00;6,00;0,00;0,00;0,00;11,00;0,00;6,00;0,00;11,00;0,00;0,00;0,00;0,00;11,00;11,00;0,00;0,00;0,00
2019-11-10;22,00;0,00;11,00;0,00;11,00;11,00;0,00;11,00;0,00;0,00;6,00;6,00;0,00;0,00;6,00;0,00;0,00;0,00;17,00;0,00;0,00;0,00;0,00;0,00;0,00;0,00;6,00;0,00
2019-11-17;45,00;17,00;11,00;6,00;11,00;6,00;0,00;0,00;0,00;0,00;6,00;0,00;0,00;0,00;0,00;0,00;6,00;0,00;6,00;11,00;6,00;6,00;0,00;0,00;0,00;0,00;0,00;0,00
2019-11-24;36,00;6,00;24,00;6,00;0,00;0,00;0,00;0,00;0,00;6,00;30,00;0,00;0,00;0,00;0,00;0,00;0,00;0,00;12,00;12,00;0,00;0,00;0,00;0,00;0,00;0,00;0,00;0,00
2019-12-01;28,00;22,00;17,00;0,00;6,00;0,00;6,00;0,00;0,00;11,00;11,00;0,00;6,00;0,00;17,00;6,00;0,00;0,00;0,00;6,00;6,00;0,00;0,00;0,00;0,00;0,00;6,00;0,00
2019-12-08;51,00;22,00;11,00;17,00;0,00;11,00;6,00;0,00;0,00;0,00;11,00;0,00;0,00;0,00;17,00;0,00;0,00;0,00;11,00;17,00;17,00;0,00;0,00;0,00;0,00;0,00;6,00;0,00
2019-12-15;58,00;6,00;6,00;6,00;12,00;6,00;0,00;0,00;12,00;0,00;17,00;6,00;0,00;0,00;6,00;6,00;6,00;6,00;17,00;0,00;12,00;6,00;6,00;0,00;0,00;0,00;0,00;0,00
2019-12-22;45,00;0,00;19,00;0,00;0,00;19,00;6,00;0,00;0,00;19,00;6,00;19,00;0,00;0,00;13,00;0,00;0,00;0,00;6,00;19,00;13,00;0,00;6,00;0,00;0,00;0,00;0,00;0,00
2019-12-29;65,00;0,00;24,00;6,00;18,00;6,00;0,00;6,00;6,00;18,00;30,00;0,00;6,00;0,00;6,00;0,00;0,00;0,00;6,00;0,00;0,00;0,00;6,00;6,00;0,00;0,00;0,00;0,00
2020-01-05;50,00;6,00;11,00;6,00;6,00;22,00;6,00;0,00;6,00;17,00;6,00;6,00;0,00;0,00;22,00;6,00;6,00;6,00;6,00;11,00;0,00;0,00;0,00;6,00;0,00;0,00;0,00;0,00
2020-01-12;100,00;26,00;5,00;5,00;5,00;0,00;0,00;0,00;0,00;5,00;16,00;5,00;0,00;0,00;5,00;5,00;5,00;5,00;0,00;0,00;5,00;5,00;11,00;5,00;0,00;0,00;0,00;0,00
2020-01-19;55,00;0,00;11,00;5,00;16,00;11,00;5,00;5,00;0,00;16,00;5,00;11,00;22,00;0,00;16,00;0,00;0,00;0,00;5,00;5,00;16,00;0,00;6,00;5,00;0,00;0,00;0,00;0,00
2020-01-26;76,00;0,00;5,00;5,00;5,00;5,00;5,00;5,00;5,00;22,00;5,00;0,00;5,00;0,00;0,00;0,00;5,00;0,00;5,00;0,00;5,00;0,00;0,00;5,00;0,00;0,00;5,00;0,00
2020-02-02;70,00;0,00;27,00;11,00;0,00;0,00;11,00;0,00;0,00;0,00;5,00;0,00;0,00;0,00;11,00;0,00;5,00;0,00;5,00;16,00;27,00;0,00;0,00;5,00;0,00;0,00;5,00;0,00
2020-02-09;43,00;27,00;0,00;11,00;5,00;0,00;0,00;5,00;0,00;11,00;16,00;0,00;27,00;0,00;0,00;0,00;5,00;0,00;0,00;0,00;16,00;0,00;0,00;0,00;11,00;5,00;0,00;0,00
2020-02-16;37,00;5,00;5,00;0,00;16,00;5,00;0,00;0,00;0,00;5,00;16,00;5,00;0,00;0,00;5,00;5,00;5,00;0,00;11,00;16,00;11,00;0,00;5,00;0,00;0,00;0,00;0,00;0,00
2020-02-23;57,00;21,00;21,00;0,00;10,00;0,00;5,00;5,00;5,00;5,00;0,00;0,00;16,00;0,00;5,00;10,00;0,00;0,00;5,00;5,00;0,00;0,00;0,00;0,00;0,00;0,00;0,00;0,00
2020-03-01;52,00;5,00;21,00;0,00;10,00;0,00;0,00;5,00;5,00;10,00;16,00;5,00;0,00;0,00;10,00;0,00;0,00;0,00;5,00;0,00;10,00;0,00;0,00;0,00;0,00;0,00;0,00;0,00
2020-03-08;20,00;5,00;5,00;5,00;5,00;10,00;0,00;5,00;0,00;5,00;10,00;0,00;10,00;0,00;10,00;0,00;5,00;0,00;15,00;0,00;5,00;0,00;0,00;5,00;0,00;0,00;5,00;5,00
2020-03-15;31,00;0,00;10,00;5,00;20,00;0,00;0,00;0,00;5,00;0,00;15,00;0,00;5,00;0,00;0,00;0,00;5,00;0,00;5,00;10,00;0,00;0,00;0,00;5,00;0,00;0,00;5,00;0,00
2020-03-22;25,00;5,00;5,00;5,00;5,00;10,00;5,00;5,00;0,00;0,00;10,00;0,00;0,00;0,00;10,00;0,00;0,00;0,00;15,00;5,00;0,00;0,00;5,00;5,00;0,00;0,00;0,00;0,00
2020-03-29;43,00;5,00;5,00;0,00;10,00;0,00;10,00;0,00;0,00;5,00;5,00;5,00;0,00;0,00;10,00;0,00;0,00;0,00;19,00;0,00;5,00;0,00;0,00;0,00;0,00;0,00;0,00;0,00
2020-04-05;10,00;0,00;10,00;5,00;10,00;5,00;0,00;0,00;5,00;10,00;10,00;0,00;5,00;0,00;5,00;0,00;0,00;0,00;0,00;0,00;5,00;0,00;0,00;5,00;0,00;0,00;5,00;0,00
2020-04-12;28,00;14,00;5,00;5,00;9,00;14,00;0,00;9,00;0,00;0,00;5,00;0,00;5,00;5,00;5,00;5,00;5,00;0,00;5,00;5,00;0,00;0,00;9,00;0,00;0,00;0,00;0,00;0,00
2020-04-19;32,00;14,00;5,00;9,00;28,00;5,00;0,00;0,00;9,00;5,00;19,00;0,00;5,00;0,00;9,00;0,00;5,00;0,00;0,00;0,00;5,00;0,00;5,00;0,00;0,00;0,00;0,00;0,00
2020-04-26;48,00;0,00;14,00;0,00;0,00;10,00;10,00;0,00;0,00;5,00;5,00;0,00;14,00;0,00;10,00;0,00;0,00;0,00;10,00;5,00;5,00;0,00;0,00;0,00;0,00;0,00;0,00;0,00
2020-05-03;19,00;5,00;10,00;0,00;5,00;0,00;9,00;0,00;5,00;10,00;29,00;0,00;10,00;0,00;5,00;0,00;0,00;0,00;0,00;5,00;0,00;0,00;0,00;0,00;0,00;0,00;0,00;0,00
2020-05-10;49,00;5,00;5,00;0,00;5,00;0,00;5,00;0,00;0,00;15,00;5,00;0,00;0,00;0,00;0,00;0,00;0,00;0,00;0,00;5,00;5,00;5,00;0,00;0,00;0,00;0,00;0,00;0,00
2020-05-17;19,00;5,00;15,00;10,00;15,00;10,00;0,00;5,00;0,00;0,00;0,00;5,00;10,00;0,00;5,00;0,00;5,00;0,00;5,00;10,00;5,00;0,00;5,00;5,00;0,00;0,00;0,00;0,00
2020-05-24;31,00;21,00;15,00;0,00;0,00;5,00;0,00;5,00;5,00;0,00;0,00;0,00;5,00;0,00;5,00;0,00;10,00;0,00;5,00;10,00;5,00;0,00;0,00;10,00;0,00;0,00;0,00;0,00
2020-05-31;39,00;15,00;10,00;0,00;5,00;0,00;5,00;5,00;0,00;5,00;10,00;0,00;0,00;0,00;5,00;5,00;0,00;0,00;0,00;5,00;0,00;5,00;0,00;10,00;0,00;0,00;0,00;0,00
2020-06-07;45,00;5,00;15,00;0,00;10,00;5,00;5,00;5,00;0,00;5,00;10,00;0,00;0,00;0,00;0,00;0,00;5,00;0,00;5,00;0,00;5,00;0,00;0,00;10,00;0,00;0,00;0,00;0,00
2020-06-14;52,00;0,00;16,00;0,00;0,00;10,00;5,00;5,00;0,00;5,00;10,00;5,00;10,00;0,00;0,00;0,00;16,00;0,00;5,00;0,00;10,00;0,00;0,00;0,00;0,00;0,00;0,00;5,00
2020-06-21;10,00;5,00;16,00;16,00;16,00;0,00;0,00;5,00;0,00;10,00;11,00;0,00;0,00;0,00;5,00;5,00;16,00;0,00;0,00;0,00;5,00;0,00;0,00;0,00;0,00;0,00;0,00;0,00
2020-06-28;32,00;5,00;16,00;16,00;5,00;11,00;5,00;5,00;0,00;0,00;16,00;5,00;11,00;0,00;0,00;0,00;5,00;0,00;5,00;0,00;5,00;0,00;0,00;11,00;0,00;0,00;0,00;0,00
2020-07-05;43,00;5,00;11,00;0,00;27,00;5,00;0,00;0,00;0,00;0,00;0,00;5,00;0,00;0,00;21,00;0,00;0,00;5,00;5,00;11,00;0,00;0,00;0,00;11,00;5,00;0,00;0,00;0,00
2020-07-12;37,00;5,00;11,00;11,00;0,00;0,00;5,00;0,00;0,00;5,00;5,00;5,00;0,00;0,00;11,00;0,00;0,00;0,00;11,00;0,00;11,00;0,00;0,00;5,00;11,00;0,00;0,00;0,00
2020-07-19;43,00;0,00;22,00;0,00;11,00;0,00;11,00;16,00;0,00;0,00;5,00;5,00;0,00;0,00;11,00;0,00;0,00;0,00;5,00;11,00;0,00;0,00;0,00;11,00;5,00;0,00;0,00;0,00
2020-07-26;44,00;5,00;27,00;5,00;27,00;0,00;5,00;0,00;5,00;5,00;16,00;0,00;0,00;0,00;0,00;0,00;16,00;0,00;0,00;5,00;5,00;5,00;0,00;16,00;0,00;0,00;0,00;0,00
2020-08-02;53,00;16,00;11,00;21,00;16,00;0,00;0,00;0,00;0,00;11,00;21,00;0,00;11,00;0,00;11,00;0,00;16,00;0,00;11,00;0,00;0,00;0,00;0,00;5,00;0,00;0,00;0,00;0,00
2020-08-09;32,00;5,00;16,00;5,00;16,00;11,00;11,00;5,00;5,00;11,00;27,00;0,00;0,00;0,00;5,00;5,00;5,00;0,00;11,00;5,00;11,00;0,00;0,00;0,00;0,00;0,00;0,00;0,00
2020-08-16;53,00;21,00;16,00;0,00;16,00;11,00;0,00;11,00;0,00;0,00;0,00;0,00;5,00;0,00;0,00;5,00;5,00;5,00;16,00;0,00;0,00;0,00;5,00;0,00;5,00;0,00;0,00;0,00
2020-08-23;51,00;0,00;5,00;5,00;10,00;0,00;10,00;10,00;0,00;10,00;16,00;5,00;5,00;5,00;5,00;0,00;5,00;5,00;15,00;0,00;5,00;0,00;0,00;5,00;5,00;0,00;0,00;0,00
2020-08-30;20,00;25,00;30,00;5,00;15,00;0,00;0,00;0,00;10,00;10,00;15,00;10,00;10,00;0,00;5,00;0,00;5,00;0,00;0,00;0,00;0,00;0,00;0,00;0,00;5,00;0,00;0,00;0,00
2020-09-06;30,00;15,00;20,00;10,00;5,00;5,00;5,00;0,00;0,00;0,00;15,00;0,00;0,00;0,00;10,00;0,00;0,00;0,00;20,00;0,00;0,00;0,00;0,00;0,00;0,00;0,00;0,00;5,00
2020-09-13;20,00;10,00;10,00;0,00;5,00;10,00;0,00;5,00;0,00;15,00;5,00;5,00;5,00;0,00;0,00;0,00;0,00;0,00;25,00;10,00;0,00;5,00;0,00;5,00;0,00;0,00;0,00;0,00
2020-09-20;46,00;21,00;5,00;5,00;10,00;0,00;0,00;0,00;0,00;5,00;10,00;5,00;5,00;0,00;10,00;0,00;0,00;5,00;10,00;0,00;5,00;0,00;5,00;0,00;0,00;0,00;0,00;0,00
2020-09-27;37,00;5,00;27,00;5,00;11,00;0,00;0,00;5,00;0,00;16,00;5,00;0,00;16,00;0,00;5,00;5,00;0,00;0,00;0,00;21,00;0,00;0,00;0,00;11,00;0,00;0,00;0,00;0,00
2020-10-04;38,00;11,00;5,00;16,00;5,00;5,00;5,00;0,00;0,00;0,00;11,00;0,00;6,00;0,00;0,00;0,00;0,00;0,00;11,00;0,00;11,00;0,00;0,00;0,00;0,00;0,00;0,00;0,00
2020-10-11;48,00;12,00;6,00;0,00;12,00;0,00;12,00;6,00;0,00;6,00;18,00;0,00;12,00;6,00;0,00;0,00;0,00;0,00;0,00;6,00;6,00;0,00;6,00;0,00;6,00;0,00;0,00;0,00
2020-10-18;48,00;6,00;12,00;6,00;24,00;12,00;0,00;12,00;6,00;18,00;12,00;0,00;0,00;0,00;0,00;0,00;0,00;0,00;0,00;12,00;0,00;0,00;0,00;0,00;6,00;0,00;0,00;0,00
2020-10-25;30,00;12,00;6,00;6,00;18,00;6,00;0,00;0,00;0,00;0,00;6,00;0,00;12,00;0,00;6,00;0,00;12,00;6,00;18,00;0,00;6,00;0,00;0,00;0,00;0,00;0,00;0,00;0,00
2020-11-01;34,00;10,00;48,00;5,00;14,00;5,00;0,00;0,00;5,00;5,00;0,00;10,00;0,00;0,00;5,00;5,00;0,00;0,00;0,00;10,00;0,00;0,00;0,00;5,00;0,00;0,00;0,00;0,00
2020-11-08;34,00;0,00;23,00;6,00;23,00;0,00;6,00;11,00;0,00;11,00;17,00;0,00;6,00;0,00;0,00;0,00;6,00;0,00;0,00;17,00;6,00;0,00;0,00;6,00;0,00;0,00;0,00;0,00
2020-11-15;47,00;6,00;18,00;0,00;0,00;6,00;6,00;12,00;0,00;6,00;12,00;0,00;0,00;0,00;0,00;0,00;0,00;6,00;0,00;6,00;18,00;6,00;0,00;0,00;0,00;0,00;0,00;0,00
2020-11-22;12,00;6,00;12,00;12,00;0,00;6,00;6,00;6,00;0,00;6,00;6,00;0,00;0,00;0,00;12,00;0,00;6,00;0,00;0,00;6,00;0,00;0,00;0,00;6,00;0,00;0,00;0,00;0,00
2020-11-29;35,00;6,00;0,00;6,00;6,00;12,00;0,00;6,00;0,00;17,00;6,00;0,00;6,00;0,00;6,00;0,00;0,00;0,00;12,00;0,00;12,00;12,00;0,00;6,00;0,00;0,00;0,00;6,00
2020-12-06;29,00;0,00;12,00;12,00;6,00;6,00;0,00;0,00;0,00;6,00;18,00;0,00;0,00;12,00;23,00;0,00;0,00;0,00;0,00;6,00;12,00;0,00;6,00;0,00;0,00;0,00;0,00;0,00
2020-12-13;36,00;6,00;12,00;0,00;6,00;0,00;0,00;0,00;0,00;6,00;6,00;0,00;0,00;6,00;6,00;0,00;0,00;0,00;12,00;18,00;12,00;0,00;0,00;0,00;0,00;0,00;0,00;0,00
2020-12-20;57,00;6,00;25,00;13,00;6,00;0,00;6,00;0,00;6,00;13,00;6,00;19,00;0,00;0,00;0,00;0,00;0,00;0,00;0,00;6,00;6,00;0,00;0,00;0,00;0,00;0,00;0,00;0,00
2020-12-27;43,00;6,00;24,00;18,00;6,00;12,00;12,00;0,00;0,00;0,00;6,00;0,00;12,00;0,00;12,00;0,00;0,00;0,00;0,00;0,00;6,00;0,00;0,00;6,00;0,00;0,00;0,00;0,00
2021-01-03;63,00;0,00;23,00;6,00;0,00;0,00;0,00;0,00;0,00;6,00;0,00;0,00;6,00;0,00;6,00;0,00;0,00;0,00;6,00;6,00;11,00;0,00;0,00;0,00;0,00;0,00;0,00;0,00
2021-01-10;34,00;11,00;6,00;6,00;0,00;0,00;0,00;0,00;0,00;6,00;6,00;0,00;0,00;0,00;12,00;0,00;0,00;0,00;0,00;17,00;0,00;0,00;0,00;0,00;0,00;0,00;0,00;0,00
2021-01-17;35,00;6,00;29,00;0,00;17,00;0,00;0,00;0,00;0,00;0,00;6,00;0,00;0,00;0,00;17,00;0,00;0,00;0,00;6,00;0,00;0,00;0,00;0,00;0,00;0,00;0,00;0,00;0,00
2021-01-24;23,00;17,00;11,00;11,00;17,00;11,00;0,00;11,00;6,00;0,00;23,00;0,00;0,00;0,00;6,00;0,00;6,00;0,00;0,00;11,00;6,00;0,00;0,00;0,00;0,00;0,00;0,00;0,00
2021-01-31;63,00;6,00;34,00;6,00;23,00;17,00;0,00;0,00;0,00;6,00;12,00;0,00;0,00;0,00;23,00;6,00;0,00;6,00;0,00;17,00;17,00;0,00;0,00;6,00;0,00;0,00;0,00;0,00
2021-02-07;40,00;17,00;6,00;0,00;23,00;0,00;0,00;6,00;6,00;0,00;6,00;0,00;0,00;0,00;11,00;0,00;0,00;6,00;0,00;0,00;11,00;0,00;0,00;6,00;0,00;0,00;0,00;0,00
2021-02-14;65,00;12,00;18,00;18,00;0,00;0,00;6,00;0,00;0,00;0,00;6,00;0,00;0,00;0,00;18,00;0,00;12,00;0,00;6,00;12,00;6,00;6,00;6,00;0,00;0,00;0,00;6,00;0,00
2021-02-21;24,00;6,00;6,00;6,00;18,00;6,00;12,00;0,00;0,00;12,00;6,00;0,00;6,00;0,00;0,00;0,00;0,00;12,00;0,00;6,00;6,00;0,00;0,00;0,00;0,00;0,00;0,00;0,00
2021-02-28;41,00;12,00;6,00;0,00;6,00;0,00;0,00;0,00;0,00;6,00;6,00;0,00;0,00;6,00;18,00;0,00;6,00;0,00;12,00;6,00;0,00;6,00;0,00;18,00;0,00;0,00;0,00;0,00
2021-03-07;47,00;0,00;6,00;6,00;17,00;0,00;0,00;6,00;0,00;23,00;0,00;0,00;12,00;6,00;12,00;0,00;6,00;6,00;12,00;0,00;12,00;0,00;0,00;6,00;0,00;0,00;0,00;0,00
2021-03-14;32,00;0,00;5,00;5,00;0,00;11,00;5,00;0,00;0,00;0,00;0,00;0,00;5,00;0,00;0,00;0,00;0,00;0,00;11,00;11,00;11,00;0,00;0,00;0,00;0,00;0,00;0,00;0,00
2021-03-21;52,00;0,00;17,00;0,00;6,00;0,00;6,00;0,00;6,00;0,00;6,00;0,00;6,00;0,00;0,00;6,00;0,00;0,00;0,00;12,00;6,00;6,00;0,00;6,00;6,00;0,00;0,00;0,00
2021-03-28;59,00;29,00;6,00;0,00;12,00;6,00;0,00;6,00;0,00;6,00;30,00;0,00;0,00;0,00;6,00;0,00;0,00;0,00;0,00;6,00;6,00;0,00;0,00;0,00;0,00;0,00;0,00;0,00
2021-04-04;59,00;18,00;12,00;0,00;0,00;6,00;6,00;0,00;6,00;6,00;0,00;0,00;0,00;0,00;18,00;0,00;6,00;0,00;18,00;18,00;0,00;0,00;0,00;6,00;0,00;6,00;0,00;0,00
2021-04-11;47,00;6,00;12,00;12,00;23,00;0,00;0,00;6,00;0,00;6,00;12,00;6,00;0,00;0,00;6,00;0,00;0,00;6,00;6,00;6,00;0,00;6,00;12,00;6,00;6,00;0,00;0,00;0,00
2021-04-18;30,00;12,00;12,00;12,00;12,00;12,00;0,00;6,00;6,00;6,00;12,00;12,00;6,00;0,00;6,00;6,00;0,00;0,00;12,00;0,00;6,00;0,00;0,00;6,00;0,00;6,00;0,00;0,00
2021-04-25;41,00;18,00;18,00;0,00;0,00;12,00;6,00;0,00;0,00;6,00;41,00;12,00;0,00;0,00;6,00;12,00;0,00;0,00;0,00;0,00;18,00;0,00;6,00;0,00;0,00;0,00;0,00;0,00
2021-05-02;47,00;18,00;24,00;12,00;12,00;0,00;12,00;6,00;0,00;6,00;18,00;0,00;0,00;0,00;12,00;12,00;0,00;6,00;6,00;6,00;18,00;6,00;0,00;6,00;6,00;0,00;0,00;0,00
2021-05-09;24,00;12,00;6,00;6,00;18,00;18,00;6,00;0,00;12,00;0,00;6,00;6,00;24,00;0,00;0,00;0,00;6,00;0,00;0,00;6,00;24,00;0,00;6,00;6,00;0,00;0,00;0,00;0,00
2021-05-16;48,00;12,00;18,00;6,00;18,00;6,00;6,00;12,00;0,00;6,00;12,00;0,00;12,00;0,00;0,00;24,00;0,00;0,00;6,00;6,00;0,00;0,00;0,00;0,00;0,00;0,00;0,00;0,00
2021-05-23;36,00;12,00;12,00;12,00;0,00;6,00;6,00;0,00;0,00;12,00;12,00;0,00;0,00;0,00;6,00;18,00;6,00;0,00;12,00;6,00;0,00;0,00;0,00;6,00;0,00;0,00;0,00;0,00
2021-05-30;18,00;6,00;12,00;6,00;18,00;6,00;0,00;0,00;0,00;0,00;0,00;6,00;6,00;0,00;25,00;25,00;0,00;0,00;18,00;0,00;0,00;0,00;0,00;6,00;0,00;0,00;0,00;0,00
2021-06-06;54,00;24,00;18,00;6,00;18,00;12,00;0,00;0,00;0,00;12,00;18,00;6,00;12,00;0,00;18,00;12,00;0,00;0,00;0,00;12,00;12,00;0,00;0,00;0,00;0,00;0,00;0,00;0,00
2021-06-13;24,00;12,00;6,00;12,00;6,00;0,00;0,00;0,00;0,00;0,00;6,00;0,00;0,00;0,00;6,00;12,00;0,00;0,00;0,00;6,00;12,00;0,00;0,00;0,00;0,00;0,00;0,00;0,00
2021-06-20;43,00;18,00;0,00;18,00;6,00;6,00;18,00;0,00;12,00;6,00;0,00;0,00;0,00;0,00;12,00;6,00;0,00;0,00;18,00;0,00;6,00;0,00;0,00;0,00;0,00;0,00;0,00;0,00
2021-06-27;24,00;6,00;12,00;18,00;6,00;6,00;0,00;12,00;12,00;0,00;6,00;0,00;12,00;0,00;6,00;0,00;0,00;0,00;18,00;0,00;12,00;6,00;0,00;0,00;0,00;0,00;0,00;0,00
2021-07-04;68,00;6,00;25,00;6,00;18,00;6,00;0,00;6,00;0,00;0,00;6,00;0,00;6,00;0,00;6,00;6,00;6,00;0,00;0,00;6,00;6,00;6,00;6,00;12,00;0,00;0,00;0,00;0,00
2021-07-11;24,00;12,00;12,00;12,00;18,00;0,00;0,00;0,00;0,00;0,00;6,00;0,00;0,00;0,00;6,00;6,00;6,00;0,00;12,00;6,00;6,00;12,00;0,00;12,00;0,00;0,00;0,00;0,00
2021-07-18;36,00;0,00;12,00;12,00;12,00;0,00;6,00;0,00;0,00;12,00;6,00;12,00;12,00;0,00;6,00;18,00;0,00;12,00;0,00;0,00;0,00;0,00;6,00;0,00;0,00;0,00;0,00;0,00
2021-07-25;24,00;12,00;24,00;0,00;18,00;6,00;0,00;0,00;12,00;0,00;6,00;0,00;12,00;0,00;12,00;0,00;0,00;0,00;6,00;6,00;0,00;0,00;0,00;6,00;0,00;6,00;0,00;0,00
2021-08-01;48,00;0,00;0,00;6,00;6,00;6,00;0,00;0,00;0,00;0,00;18,00;6,00;12,00;0,00;12,00;0,00;0,00;0,00;12,00;12,00;6,00;0,00;0,00;0,00;0,00;0,00;0,00;0,00
2021-08-08;12,00;0,00;6,00;6,00;30,00;6,00;0,00;0,00;6,00;0,00;0,00;6,00;6,00;0,00;18,00;6,00;6,00;0,00;6,00;0,00;6,00;6,00;12,00;6,00;6,00;0,00;0,00;0,00
2021-08-15;43,00;6,00;49,00;0,00;12,00;6,00;6,00;12,00;0,00;18,00;12,00;0,00;12,00;0,00;18,00;0,00;6,00;0,00;0,00;12,00;0,00;0,00;0,00;0,00;0,00;6,00;0,00;0,00
2021-08-22;67,00;6,00;12,00;0,00;6,00;0,00;0,00;6,00;6,00;6,00;6,00;0,00;6,00;0,00;6,00;0,00;6,00;0,00;0,00;6,00;6,00;0,00;0,00;0,00;6,00;0,00;0,00;0,00
2021-08-29;67,00;12,00;24,00;6,00;0,00;12,00;0,00;0,00;6,00;6,00;6,00;0,00;0,00;0,00;30,00;6,00;24,00;0,00;6,00;0,00;0,00;0,00;0,00;0,00;0,00;0,00;0,00;0,00
2021-09-05;45,00;6,00;6,00;0,00;0,00;6,00;0,00;0,00;0,00;6,00;7,00;0,00;7,00;0,00;32,00;6,00;26,00;0,00;0,00;0,00;13,00;0,00;0,00;0,00;0,00;0,00;0,00;0,00
2021-09-12;31,00;12,00;6,00;6,00;6,00;0,00;0,00;6,00;0,00;12,00;6,00;12,00;0,00;0,00;12,00;6,00;0,00;0,00;19,00;0,00;12,00;0,00;0,00;6,00;0,00;0,00;0,00;0,00
2021-09-19;37,00;0,00;19,00;0,00;19,00;6,00;0,00;6,00;6,00;0,00;0,00;6,00;6,00;0,00;12,00;0,00;0,00;0,00;0,00;6,00;6,00;6,00;0,00;0,00;0,00;0,00;0,00;0,00
2021-09-26;50,00;13,00;0,00;0,00;6,00;6,00;6,00;0,00;0,00;6,00;0,00;6,00;0,00;0,00;44,00;13,00;13,00;0,00;0,00;0,00;0,00;0,00;0,00;6,00;0,00;0,00;0,00;0,00
2021-10-03;29,00;10,00;5,00;0,00;9,00;0,00;0,00;0,00;0,00;5,00;19,00;0,00;5,00;0,00;5,00;14,00;5,00;0,00;0,00;5,00;0,00;0,00;0,00;0,00;0,00;0,00;0,00;0,00
2021-10-10;31,00;4,00;9,00;4,00;9,00;13,00;4,00;0,00;9,00;4,00;13,00;0,00;9,00;0,00;13,00;9,00;0,00;0,00;9,00;18,00;9,00;0,00;0,00;0,00;4,00;0,00;0,00;0,00
2021-10-17;22,00;9,00;13,00;4,00;4,00;9,00;0,00;4,00;0,00;27,00;0,00;0,00;4,00;0,00;13,00;0,00;0,00;4,00;0,00;4,00;18,00;0,00;4,00;4,00;0,00;0,00;0,00;0,00
2021-10-24;26,00;13,00;0,00;0,00;13,00;9,00;9,00;0,00;9,00;4,00;13,00;9,00;9,00;0,00;17,00;13,00;9,00;4,00;4,00;9,00;4,00;0,00;0,00;0,00;4,00;0,00;0,00;0,00
2021-10-31;22,00;13,00;18,00;9,00;9,00;4,00;4,00;9,00;9,00;0,00;0,00;0,00;9,00;0,00;9,00;0,00;0,00;0,00;13,00;0,00;4,00;4,00;4,00;0,00;0,00;0,00;0,00;0,00
2021-11-07;35,00;18,00;13,00;0,00;13,00;9,00;4,00;0,00;0,00;0,00;0,00;0,00;4,00;0,00;26,00;0,00;9,00;4,00;0,00;13,00;9,00;0,00;0,00;4,00;0,00;0,00;0,00;0,00
2021-11-14;26,00;4,00;9,00;0,00;0,00;0,00;0,00;0,00;4,00;0,00;13,00;0,00;0,00;0,00;22,00;4,00;0,00;0,00;0,00;9,00;9,00;0,00;0,00;0,00;0,00;0,00;0,00;0,00
2021-11-21;63,00;13,00;4,00;9,00;0,00;4,00;4,00;4,00;0,00;9,00;14,00;0,00;0,00;0,00;27,00;4,00;0,00;0,00;0,00;4,00;4,00;0,00;0,00;4,00;0,00;0,00;0,00;0,00
2021-11-28;46,00;4,00;4,00;4,00;13,00;4,00;0,00;0,00;4,00;0,00;0,00;0,00;4,00;0,00;13,00;8,00;0,00;4,00;8,00;13,00;8,00;0,00;0,00;0,00;0,00;0,00;0,00;0,00
2021-12-05;26,00;9,00;4,00;0,00;0,00;0,00;4,00;0,00;0,00;4,00;4,00;0,00;0,00;0,00;4,00;4,00;0,00;0,00;4,00;4,00;0,00;4,00;4,00;0,00;0,00;0,00;0,00;0,00
2021-12-12;40,00;4,00;9,00;0,00;13,00;9,00;4,00;0,00;0,00;0,00;4,00;0,00;13,00;0,00;4,00;0,00;0,00;0,00;4,00;9,00;9,00;0,00;0,00;4,00;0,00;0,00;0,00;0,00
2021-12-19;57,00;0,00;19,00;0,00;0,00;0,00;0,00;5,00;5,00;0,00;0,00;0,00;5,00;0,00;19,00;0,00;0,00;0,00;9,00;9,00;24,00;0,00;0,00;0,00;0,00;0,00;0,00;0,00
2021-12-26;89,00;10,00;5,00;0,00;0,00;0,00;5,00;0,00;0,00;5,00;0,00;0,00;5,00;0,00;26,00;0,00;0,00;0,00;0,00;5,00;5,00;0,00;0,00;5,00;0,00;0,00;0,00;0,00
