Semaine;Nice (FR);Mallorca (ES);Benidorm (ES);reta (SI);Agadir (MA);Ibiza (ES);Djerba (TN);Lloret de Mar (ES);Corfu (GR);Santorini Island (GR);Marbella (ES);Faro (PT);Málaga (ES);Bodrum (TR);Mykonos (GR);Biarritz (FR);Ars en Ré (FR);Saint Malo (FR);Le Cap d Agde (FR);Cefalù (IT);Fréjus (FR);Amalfi (IT);Cannes (FR);Dubrovnik (HR);Antibes (FR);Le Touquet (BE);Torremolinos (ES);Le Barcarès (FR);Deauville (FR);Portofino (IT);Porto Vecchio (FR);Lacanau (FR);Palavas les Flots (FR);Sitges (ES);Argelès sur Mer (FR);Carnac (FR);Arcachon (FR);Le Grau du Roi (FR);Cap Ferret (FR);Biscarrosse (FR);La Baule Escoublac (FR);Saint Jean de Monts (FR);Plage de la Palmyre (FR)
2019-01-06;48,00;928,00;16,00;0,00;96,00;130,91;39,27;52,36;257,45;162,67;24,00;80,00;42,67;33,45;64,00;0,00;2,91;10,00;7,00;10,00;7,00;20,00;14,00;31,00;10,00;0,00;0,00;0,00;0,00;0,00;7,00;14,00;0,00;7,00;3,00;0,00;0,00;0,00;0,00;0,00;0,00;0,00;0,00
2019-01-13;47,00;1034,00;15,67;0,00;47,00;102,55;34,18;55,55;192,27;127,18;19,35;74,65;49,76;26,44;49,94;10,28;0,00;3,00;3,00;7,00;3,00;10,00;13,00;33,00;7,00;0,00;3,00;0,00;0,00;3,00;3,00;7,00;0,00;7,00;0,00;0,00;0,00;0,00;3,00;0,00;0,00;0,00;0,00
2019-01-20;54,00;796,50;13,50;0,00;40,50;117,00;45,00;22,50;211,50;153,90;24,30;94,50;10,80;20,43;56,92;16,05;10,22;10,00;7,00;7,00;7,00;30,00;0,00;37,00;7,00;0,00;0,00;0,00;0,00;0,00;7,00;0,00;0,00;0,00;0,00;0,00;0,00;0,00;0,00;0,00;0,00;0,00;0,00
2019-01-27;62,00;945,50;15,50;0,00;62,00;163,86;53,14;39,86;203,71;124,00;29,65;67,39;35,04;20,67;51,67;0,00;17,71;3,00;10,00;14,00;7,00;21,00;3,00;17,00;14,00;0,00;3,00;0,00;3,00;7,00;10,00;0,00;0,00;3,00;0,00;0,00;0,00;0,00;0,00;0,00;0,00;0,00;0,00
2019-02-03;21,00;619,50;10,50;0,00;63,00;75,60;46,20;16,80;168,00;102,38;15,75;73,50;26,25;28,50;43,50;7,50;3,00;4,00;4,00;14,00;4,00;18,00;11,00;35,00;14,00;0,00;4,00;0,00;7,00;0,00;0,00;4,00;0,00;4,00;0,00;0,00;7,00;0,00;0,00;0,00;0,00;0,00;0,00
2019-02-10;32,00;896,00;32,00;0,00;32,00;100,57;45,71;32,00;187,43;77,33;10,67;53,33;42,67;14,55;34,91;7,27;7,27;0,00;18,00;14,00;0,00;32,00;7,00;32,00;0,00;0,00;0,00;0,00;7,00;11,00;0,00;7,00;0,00;0,00;0,00;4,00;4,00;0,00;0,00;0,00;0,00;0,00;0,00
2019-02-17;29,00;812,00;14,50;0,00;72,50;91,14;45,57;45,57;153,29;87,00;18,45;76,45;18,45;24,65;14,50;14,50;2,90;7,00;0,00;4,00;0,00;21,00;7,00;21,00;14,00;0,00;0,00;0,00;0,00;4,00;0,00;4,00;0,00;7,00;0,00;0,00;0,00;0,00;4,00;0,00;0,00;0,00;0,00
2019-02-24;18,00;1044,00;18,00;0,00;72,00;81,00;36,00;22,50;162,00;118,29;7,71;77,14;38,57;20,77;45,69;4,15;4,15;7,00;11,00;4,00;0,00;18,00;11,00;15,00;0,00;0,00;4,00;0,00;0,00;4,00;7,00;0,00;0,00;0,00;0,00;0,00;0,00;0,00;0,00;0,00;0,00;0,00;0,00
2019-03-03;39,00;819,00;26,00;0,00;52,00;112,67;30,33;43,33;151,67;94,71;13,93;58,50;27,86;21,00;28,50;10,50;0,00;0,00;14,00;7,00;0,00;32,00;18,00;46,00;4,00;0,00;4,00;4,00;4,00;0,00;4,00;4,00;4,00;11,00;0,00;0,00;0,00;4,00;0,00;0,00;0,00;0,00;0,00
2019-03-10;32,00;960,00;8,00;0,00;64,00;68,57;41,14;18,29;201,14;138,67;10,67;93,33;32,00;32,00;32,00;7,27;2,91;0,00;0,00;7,00;7,00;28,00;14,00;35,00;7,00;0,00;0,00;4,00;0,00;0,00;0,00;0,00;0,00;4,00;0,00;0,00;0,00;4,00;0,00;0,00;0,00;0,00;0,00
2019-03-17;11,00;583,00;5,50;0,00;44,00;73,33;25,67;33,00;121,00;99,00;19,25;66,00;11,00;20,63;31,63;6,88;4,13;11,00;7,00;15,00;4,00;33,00;0,00;33,00;4,00;0,00;0,00;4,00;4,00;4,00;4,00;0,00;0,00;7,00;0,00;4,00;4,00;0,00;0,00;0,00;0,00;0,00;0,00
2019-03-24;33,00;1105,50;16,50;0,00;66,00;90,75;28,88;24,75;127,88;82,50;11,00;74,25;30,25;33,00;52,50;7,50;7,50;7,00;4,00;15,00;4,00;22,00;7,00;15,00;0,00;0,00;0,00;0,00;0,00;4,00;4,00;4,00;0,00;0,00;0,00;0,00;0,00;0,00;0,00;0,00;0,00;0,00;0,00
2019-03-31;50,00;700,00;12,50;0,00;37,50;104,55;59,09;54,55;181,82;108,33;44,44;75,00;16,67;60,29;32,35;0,00;0,00;4,00;0,00;21,00;4,00;49,00;4,00;56,00;7,00;0,00;0,00;7,00;4,00;0,00;0,00;7,00;0,00;4,00;4,00;0,00;0,00;0,00;0,00;0,00;0,00;0,00;0,00
2019-04-07;60,00;1125,00;15,00;0,00;60,00;98,57;64,29;51,43;244,29;98,18;24,55;98,18;21,82;39,51;32,20;2,93;0,00;18,00;7,00;4,00;0,00;28,00;14,00;28,00;0,00;0,00;0,00;0,00;0,00;0,00;0,00;4,00;0,00;7,00;4,00;0,00;0,00;0,00;0,00;0,00;0,00;0,00;0,00
2019-04-14;54,00;1026,00;13,50;0,00;40,50;121,50;45,00;36,00;202,50;126,90;27,00;81,00;21,60;49,62;23,35;4,38;7,30;15,00;4,00;11,00;15,00;42,00;15,00;38,00;4,00;0,00;0,00;0,00;8,00;4,00;4,00;11,00;0,00;0,00;0,00;0,00;0,00;0,00;0,00;0,00;0,00;0,00;0,00
2019-04-21;91,00;1092,00;15,17;0,00;60,67;130,00;65,00;21,67;268,67;146,15;30,33;107,55;19,30;52,84;45,50;22,02;4,40;15,00;4,00;11,00;4,00;30,00;11,00;49,00;11,00;0,00;0,00;0,00;0,00;0,00;8,00;11,00;0,00;11,00;0,00;0,00;0,00;0,00;0,00;0,00;0,00;0,00;0,00
2019-04-28;55,00;1100,00;6,88;0,00;27,50;126,92;46,54;21,15;228,46;118,25;27,50;49,50;16,50;33,29;60,79;7,24;7,24;3,00;3,00;17,00;10,00;34,00;10,00;38,00;3,00;0,00;3,00;0,00;0,00;10,00;0,00;0,00;0,00;0,00;0,00;3,00;0,00;0,00;3,00;0,00;0,00;0,00;0,00
2019-05-05;71,00;1192,80;14,20;0,00;14,20;97,63;62,13;22,19;244,06;111,96;24,58;73,73;19,12;68,04;65,08;13,31;0,00;7,00;3,00;3,00;0,00;30,00;13,00;51,00;3,00;0,00;0,00;0,00;0,00;3,00;3,00;10,00;0,00;14,00;3,00;0,00;3,00;0,00;0,00;0,00;0,00;0,00;0,00
2019-05-12;75,00;1290,00;15,00;0,00;75,00;132,35;57,35;66,18;370,59;150,00;8,33;91,67;13,89;77,94;50,00;14,71;0,00;7,00;11,00;7,00;14,00;39,00;35,00;46,00;14,00;0,00;0,00;4,00;0,00;4,00;0,00;4,00;0,00;0,00;0,00;4,00;4,00;0,00;0,00;0,00;0,00;0,00;0,00
2019-05-19;42,00;1232,00;7,00;0,00;42,00;147,00;58,80;37,80;231,00;128,80;30,80;67,20;25,20;21,00;42,00;0,00;0,00;17,00;10,00;7,00;0,00;21,00;14,00;45,00;3,00;0,00;0,00;0,00;0,00;0,00;0,00;3,00;0,00;14,00;0,00;0,00;3,00;0,00;0,00;0,00;0,00;0,00;0,00
2019-05-26;75,00;1395,00;15,00;0,00;60,00;167,65;26,47;52,94;313,24;122,22;22,22;94,44;27,78;77,94;50,00;25,00;0,00;18,00;11,00;11,00;11,00;32,00;4,00;49,00;14,00;0,00;0,00;4,00;0,00;14,00;4,00;4,00;0,00;0,00;4,00;0,00;0,00;0,00;0,00;0,00;0,00;0,00;0,00
2019-06-02;46,00;1395,33;15,33;0,00;61,33;174,80;73,60;64,40;289,80;151,53;27,06;92,00;21,65;92,00;53,42;10,39;35,61;7,00;7,00;3,00;7,00;25,00;28,00;49,00;7,00;0,00;0,00;0,00;4,00;4,00;18,00;11,00;0,00;4,00;4,00;0,00;7,00;4,00;0,00;0,00;0,00;0,00;0,00
2019-06-09;79,00;1185,00;13,17;0,00;39,50;179,94;57,06;96,56;280,89;201,59;10,90;92,62;49,03;86,31;71,69;42,43;10,24;14,00;18,00;36,00;14,00;50,00;14,00;50,00;4,00;4,00;7,00;0,00;4,00;4,00;7,00;4,00;0,00;4,00;0,00;7,00;7,00;4,00;0,00;0,00;0,00;0,00;0,00
2019-06-16;72,00;1339,20;14,40;0,00;57,60;162,00;49,50;72,00;315,00;202,67;18,67;106,67;42,67;76,41;76,41;17,63;10,29;11,00;7,00;32,00;18,00;58,00;25,00;50,00;25,00;4,00;0,00;0,00;0,00;18,00;7,00;0,00;0,00;11,00;4,00;0,00;0,00;0,00;4,00;0,00;0,00;0,00;0,00
2019-06-23;83,00;1383,33;27,67;0,00;69,17;166,00;65,53;56,79;249,00;143,87;22,13;58,10;19,37;57,80;62,25;7,41;14,82;11,00;21,00;7,00;7,00;43,00;21,00;43,00;18,00;0,00;4,00;4,00;4,00;7,00;14,00;14,00;0,00;0,00;0,00;4,00;0,00;0,00;4,00;0,00;0,00;0,00;0,00
2019-06-30;82,00;1257,33;27,33;0,00;27,33;189,89;51,79;86,32;228,74;166,73;16,40;57,40;35,53;89,45;68,58;7,45;32,80;25,00;11,00;18,00;4,00;46,00;21,00;35,00;4,00;4,00;0,00;0,00;0,00;4,00;4,00;7,00;4,00;4,00;0,00;0,00;0,00;0,00;0,00;0,00;0,00;0,00;0,00
2019-07-07;87,00;1348,50;14,50;0,00;43,50;221,85;100,05;113,10;261,00;168,56;16,31;73,41;13,59;79,63;56,03;13,27;7,37;3,00;21,00;14,00;21,00;41,00;14,00;41,00;14,00;0,00;0,00;0,00;0,00;3,00;3,00;7,00;0,00;10,00;0,00;0,00;0,00;0,00;0,00;0,00;0,00;0,00;0,00
2019-07-14;77,00;1339,80;15,40;7,70;46,20;188,22;51,33;59,89;252,39;203,50;19,25;121,00;8,25;114,02;62,19;10,37;14,81;15,00;11,00;7,00;7,00;25,00;7,00;40,00;7,00;0,00;0,00;0,00;0,00;0,00;7,00;15,00;4,00;7,00;7,00;0,00;0,00;0,00;0,00;0,00;0,00;0,00;0,00
2019-07-21;57,00;1254,00;14,25;0,00;14,25;157,85;65,77;118,38;333,23;152,00;21,71;46,14;29,86;102,31;92,08;26,31;19,00;19,00;8,00;27,00;11,00;27,00;19,00;53,00;8,00;0,00;0,00;0,00;8,00;4,00;4,00;8,00;0,00;11,00;0,00;0,00;4,00;0,00;4,00;0,00;0,00;0,00;0,00
2019-07-28;81,00;1161,00;13,50;0,00;40,50;166,26;63,95;63,95;251,53;156,60;10,80;54,00;10,80;111,93;66,27;14,73;7,36;4,00;4,00;0,00;11,00;26,00;4,00;33,00;18,00;4,00;4,00;0,00;0,00;0,00;4,00;15,00;0,00;7,00;0,00;0,00;7,00;0,00;0,00;4,00;0,00;0,00;0,00
2019-08-04;74,00;1435,60;14,80;0,00;59,20;148,00;95,76;65,29;322,12;150,74;21,93;109,63;41,11;59,49;66,75;14,51;43,53;18,00;15,00;18,00;7,00;30,00;7,00;52,00;15,00;0,00;0,00;0,00;0,00;18,00;4,00;22,00;0,00;4,00;0,00;4,00;7,00;0,00;0,00;0,00;0,00;0,00;0,00
2019-08-11;50,00;1150,00;12,50;0,00;25,00;190,91;104,55;31,82;259,09;116,67;22,22;80,56;36,11;42,65;60,29;17,65;22,06;0,00;21,00;4,00;4,00;46,00;14,00;50,00;0,00;0,00;4,00;0,00;7,00;4,00;7,00;0,00;0,00;14,00;0,00;0,00;11,00;4,00;0,00;0,00;4,00;0,00;0,00
2019-08-18;80,00;1173,33;13,33;0,00;40,00;160,00;66,67;35,56;226,67;118,62;13,79;77,24;30,34;68,36;53,82;58,18;10,18;11,00;11,00;14,00;14,00;33,00;22,00;40,00;22,00;0,00;4,00;0,00;0,00;11,00;4,00;14,00;4,00;4,00;0,00;0,00;7,00;0,00;0,00;0,00;0,00;0,00;0,00
2019-08-25;96,00;1165,71;13,71;0,00;54,86;213,82;48,00;34,91;270,55;134,40;13,71;68,57;24,69;75,32;67,94;103,38;20,68;11,00;18,00;11,00;7,00;56,00;11,00;46,00;14,00;0,00;0,00;4,00;0,00;7,00;4,00;11,00;4,00;4,00;0,00;0,00;0,00;0,00;0,00;0,00;0,00;0,00;0,00
2019-09-01;100,00;1100,00;7,14;0,00;57,14;139,13;78,26;60,87;256,52;137,84;27,03;78,38;51,35;61,76;48,53;13,24;10,29;10,00;7,00;7,00;17,00;34,00;14,00;31,00;7,00;0,00;0,00;3,00;0,00;10,00;7,00;3,00;3,00;14,00;0,00;7,00;0,00;0,00;0,00;0,00;3,00;0,00;0,00
2019-09-08;69,00;1076,40;13,80;0,00;69,00;168,19;51,75;30,19;276,00;113,16;8,28;63,48;35,88;69,00;63,13;7,34;13,21;10,00;10,00;24,00;7,00;31,00;14,00;48,00;17,00;3,00;0,00;0,00;0,00;3,00;14,00;14,00;0,00;7,00;0,00;0,00;3,00;0,00;0,00;0,00;0,00;0,00;0,00
2019-09-15;56,00;938,00;7,00;0,00;28,00;137,85;47,38;34,46;254,15;92,40;28,00;81,20;25,20;38,32;38,32;2,95;10,32;0,00;7,00;7,00;3,00;38,00;21,00;55,00;7,00;7,00;0,00;0,00;0,00;7,00;3,00;14,00;3,00;7,00;0,00;0,00;0,00;7,00;0,00;3,00;0,00;0,00;0,00
2019-09-22;74,00;1095,20;0,00;0,00;44,40;108,82;65,29;26,12;239,41;109,63;10,96;84,96;10,96;40,63;40,63;10,16;10,16;13,00;7,00;3,00;0,00;24,00;20,00;44,00;7,00;0,00;0,00;0,00;0,00;3,00;0,00;3,00;0,00;3,00;0,00;0,00;0,00;3,00;0,00;0,00;0,00;0,00;0,00
2019-09-29;65,00;845,00;13,00;0,00;52,00;82,33;43,33;17,33;208,00;105,63;8,13;83,96;16,25;31,02;44,32;13,30;13,30;3,00;10,00;14,00;7,00;27,00;10,00;41,00;0,00;0,00;3,00;3,00;3,00;3,00;3,00;3,00;3,00;3,00;0,00;0,00;0,00;0,00;0,00;0,00;0,00;0,00;0,00
2019-10-06;37,00;814,00;12,33;0,00;49,33;102,78;49,33;28,78;164,44;63,43;13,21;55,50;23,79;28,12;31,08;10,36;2,96;7,00;10,00;14,00;3,00;24,00;7,00;17,00;0,00;0,00;3,00;0,00;0,00;24,00;7,00;10,00;0,00;7,00;0,00;0,00;0,00;3,00;0,00;0,00;0,00;0,00;0,00
2019-10-13;41,00;833,67;13,67;0,00;27,33;104,78;68,33;9,11;186,78;57,40;21,87;57,40;10,93;23,43;17,57;2,93;2,93;0,00;3,00;0,00;0,00;14,00;7,00;34,00;10,00;0,00;3,00;3,00;0,00;3,00;3,00;3,00;0,00;10,00;0,00;0,00;0,00;0,00;3,00;3,00;0,00;0,00;0,00
2019-10-20;40,00;720,00;13,33;0,00;53,33;84,44;62,22;17,78;146,67;93,33;40,00;80,00;10,67;20,74;16,30;0,00;2,96;3,00;7,00;3,00;7,00;13,00;7,00;30,00;7,00;0,00;0,00;3,00;0,00;3,00;0,00;0,00;0,00;0,00;3,00;0,00;0,00;0,00;0,00;3,00;0,00;0,00;0,00
2019-10-27;16,00;624,00;8,00;0,00;48,00;56,00;40,00;20,00;100,00;69,33;18,67;80,00;13,33;13,09;26,18;5,82;2,91;7,00;10,00;7,00;0,00;29,00;7,00;20,00;3,00;0,00;0,00;3,00;0,00;0,00;3,00;0,00;0,00;7,00;0,00;0,00;0,00;0,00;0,00;0,00;0,00;0,00;0,00
2019-11-03;26,00;468,00;6,50;0,00;52,00;60,67;47,67;17,33;91,00;69,33;11,56;49,11;11,56;26,00;18,78;0,00;0,00;3,00;3,00;3,00;0,00;16,00;0,00;19,00;3,00;0,00;3,00;0,00;0,00;0,00;0,00;3,00;0,00;0,00;0,00;0,00;0,00;0,00;0,00;0,00;0,00;0,00;0,00
2019-11-10;23,00;345,00;5,75;0,00;34,50;46,00;23,00;13,80;110,40;77,63;20,13;37,38;17,25;10,73;16,87;6,13;3,07;3,00;0,00;0,00;0,00;23,00;10,00;19,00;3,00;0,00;3,00;0,00;0,00;3,00;0,00;3,00;0,00;0,00;0,00;0,00;0,00;3,00;0,00;0,00;0,00;0,00;0,00
2019-11-17;13,00;481,00;13,00;0,00;39,00;43,33;21,67;13,00;86,67;70,20;2,60;52,00;26,00;18,78;13,00;2,89;2,89;3,00;3,00;3,00;0,00;10,00;6,00;16,00;3,00;0,00;0,00;0,00;3,00;0,00;3,00;0,00;0,00;3,00;0,00;0,00;0,00;0,00;0,00;0,00;0,00;0,00;0,00
2019-11-24;25,00;375,00;12,50;0,00;25,00;25,00;25,00;16,67;58,33;36,11;8,33;33,33;22,22;13,24;5,88;8,82;5,88;0,00;3,00;0,00;3,00;13,00;6,00;16,00;13,00;0,00;0,00;0,00;0,00;3,00;0,00;3,00;0,00;0,00;0,00;0,00;0,00;0,00;0,00;3,00;0,00;0,00;0,00
2019-12-01;39,00;351,00;13,00;0,00;39,00;43,33;17,33;8,67;86,67;33,43;5,57;22,29;19,50;15,89;10,11;2,89;2,89;0,00;0,00;6,00;10,00;16,00;13,00;32,00;3,00;0,00;3,00;0,00;0,00;0,00;0,00;0,00;0,00;0,00;0,00;0,00;3,00;3,00;0,00;0,00;0,00;0,00;0,00
2019-12-08;36,00;312,00;12,00;0,00;36,00;45,00;27,00;4,50;121,50;41,54;16,62;33,23;5,54;16,50;33,00;6,00;3,00;3,00;6,00;3,00;6,00;19,00;6,00;13,00;6,00;0,00;0,00;0,00;0,00;0,00;6,00;0,00;0,00;0,00;0,00;3,00;0,00;0,00;0,00;0,00;0,00;0,00;0,00
2019-12-15;23,00;310,50;5,75;0,00;23,00;32,20;36,80;9,20;69,00;66,44;15,33;61,33;5,11;7,19;12,94;10,06;2,88;0,00;3,00;3,00;3,00;13,00;0,00;13,00;7,00;0,00;0,00;0,00;0,00;3,00;0,00;0,00;0,00;3,00;0,00;3,00;0,00;0,00;0,00;0,00;0,00;0,00;0,00
2019-12-22;53,00;530,00;13,25;0,00;39,75;79,50;13,25;13,25;136,92;78,11;30,68;69,74;8,37;22,08;11,78;7,36;4,42;11,00;11,00;4,00;7,00;30,00;11,00;15,00;15,00;0,00;0,00;0,00;11,00;4,00;4,00;4,00;0,00;8,00;0,00;0,00;0,00;0,00;0,00;0,00;0,00;0,00;0,00
2019-12-29;49,00;673,75;12,25;0,00;49,00;53,45;40,09;57,91;231,64;73,50;32,67;87,11;32,67;41,79;14,41;10,09;14,41;4,00;11,00;4,00;0,00;11,00;4,00;35,00;4,00;0,00;0,00;7,00;4,00;7,00;4,00;7,00;0,00;4,00;7,00;0,00;0,00;0,00;0,00;0,00;0,00;0,00;0,00
2020-01-05;44,00;850,67;14,67;0,00;29,33;110,00;39,60;35,20;167,20;101,75;13,75;71,50;16,50;16,13;24,93;5,87;11,73;0,00;9,00;3,00;6,00;43,00;6,00;25,00;3,00;0,00;9,00;3,00;0,00;3,00;3,00;6,00;0,00;3,00;3,00;0,00;0,00;0,00;0,00;0,00;0,00;0,00;0,00
2020-01-12;45,00;930,00;7,50;0,00;75,00;94,50;45,00;22,50;211,50;92,65;18,53;92,65;26,47;26,13;39,19;0,00;2,90;6,00;6,00;12,00;0,00;24,00;6,00;27,00;12,00;0,00;0,00;0,00;0,00;6,00;9,00;9,00;0,00;0,00;6,00;0,00;0,00;0,00;0,00;0,00;0,00;0,00;0,00
2020-01-19;62,00;945,50;15,50;0,00;93,00;106,29;35,43;13,29;194,86;99,74;21,57;80,87;16,17;44,29;33,95;16,24;2,95;9,00;9,00;9,00;3,00;12,00;9,00;22,00;6,00;0,00;0,00;0,00;0,00;6,00;0,00;9,00;0,00;0,00;0,00;0,00;0,00;3,00;0,00;0,00;0,00;0,00;0,00
2020-01-26;44,00;821,33;7,33;0,00;58,67;83,60;48,40;35,20;123,20;96,25;35,75;85,25;16,50;30,80;46,93;5,87;8,80;9,00;9,00;12,00;0,00;38,00;6,00;34,00;0,00;0,00;0,00;0,00;0,00;3,00;16,00;0,00;0,00;0,00;0,00;0,00;6,00;0,00;0,00;0,00;0,00;0,00;0,00
2020-02-02;24,00;696,00;12,00;0,00;48,00;88,00;40,00;12,00;108,00;82,67;16,00;82,67;10,67;29,65;21,18;5,65;2,82;6,00;3,00;9,00;0,00;15,00;3,00;36,00;9,00;3,00;0,00;0,00;0,00;6,00;3,00;6,00;0,00;3,00;0,00;0,00;0,00;0,00;0,00;0,00;0,00;0,00;0,00
2020-02-09;63,00;554,40;6,30;0,00;37,80;76,50;36,00;18,00;121,50;95,87;19,17;63,00;24,65;29,30;29,30;5,86;5,86;9,00;6,00;15,00;3,00;21,00;9,00;30,00;9,00;0,00;0,00;0,00;0,00;6,00;3,00;6,00;0,00;9,00;0,00;0,00;3,00;0,00;3,00;0,00;0,00;0,00;0,00
2020-02-16;47,00;861,67;7,83;0,00;62,67;72,64;34,18;25,64;115,36;69,12;16,59;63,59;24,88;30,84;82,25;8,81;0,00;3,00;0,00;6,00;0,00;47,00;3,00;13,00;3,00;3,00;0,00;3,00;0,00;3,00;3,00;3,00;0,00;3,00;0,00;0,00;0,00;0,00;0,00;0,00;0,00;0,00;0,00
2020-02-23;58,00;652,50;14,50;0,00;58,00;62,46;35,69;13,38;89,23;66,29;8,29;63,52;19,33;14,87;11,90;8,92;5,95;6,00;3,00;9,00;0,00;6,00;9,00;36,00;15,00;0,00;0,00;3,00;3,00;3,00;3,00;9,00;3,00;6,00;0,00;3,00;3,00;3,00;0,00;0,00;3,00;0,00;0,00
2020-03-01;51,00;510,00;6,38;0,00;25,50;51,00;12,75;17,00;68,00;59,05;8,05;42,95;10,74;11,66;11,66;8,74;5,83;6,00;6,00;3,00;3,00;15,00;3,00;18,00;3,00;0,00;0,00;3,00;3,00;0,00;0,00;0,00;0,00;0,00;0,00;0,00;3,00;3,00;0,00;0,00;0,00;0,00;0,00
2020-03-08;37,00;690,67;12,33;0,00;37,00;83,25;23,13;13,88;97,13;31,71;13,21;47,57;37,00;20,72;17,76;5,92;0,00;3,00;23,00;3,00;3,00;3,00;3,00;23,00;3,00;0,00;0,00;3,00;6,00;6,00;3,00;3,00;0,00;0,00;0,00;0,00;0,00;0,00;0,00;0,00;0,00;0,00;0,00
2020-03-15;17,00;510,00;8,50;0,00;17,00;12,75;12,75;12,75;51,00;25,50;0,00;25,50;34,00;5,67;11,33;0,00;0,00;3,00;3,00;0,00;6,00;11,00;6,00;11,00;3,00;0,00;3,00;0,00;0,00;0,00;0,00;0,00;3,00;0,00;0,00;3,00;0,00;0,00;0,00;0,00;0,00;0,00;0,00
2020-03-22;6,00;168,00;6,00;0,00;12,00;42,00;18,00;18,00;48,00;33,00;9,00;15,00;6,00;3,00;18,00;0,00;0,00;3,00;3,00;6,00;3,00;11,00;3,00;6,00;6,00;0,00;0,00;0,00;0,00;3,00;0,00;0,00;0,00;3,00;0,00;0,00;0,00;0,00;0,00;0,00;0,00;0,00;0,00
2020-03-29;8,00;96,00;8,00;0,00;16,00;28,00;12,00;4,00;56,00;21,33;0,00;13,33;8,00;0,00;5,33;0,00;2,67;3,00;3,00;0,00;0,00;23,00;6,00;3,00;3,00;0,00;0,00;0,00;0,00;3,00;0,00;0,00;0,00;3,00;0,00;3,00;0,00;0,00;0,00;0,00;0,00;0,00;0,00
2020-04-05;19,00;228,00;9,50;0,00;0,00;23,75;19,00;4,75;104,50;21,71;8,14;5,43;8,14;2,92;19,00;0,00;2,92;0,00;3,00;0,00;3,00;25,00;3,00;18,00;3,00;0,00;0,00;0,00;0,00;0,00;3,00;3,00;0,00;6,00;0,00;3,00;0,00;0,00;0,00;0,00;0,00;0,00;0,00
2020-04-12;9,00;126,00;4,50;4,50;9,00;22,50;13,50;4,50;36,00;21,00;0,00;6,00;0,00;9,00;12,00;3,00;6,00;3,00;0,00;6,00;3,00;27,00;0,00;9,00;0,00;0,00;0,00;0,00;0,00;3,00;3,00;3,00;0,00;0,00;3,00;0,00;0,00;0,00;0,00;0,00;0,00;0,00;0,00
2020-04-19;12,00;156,00;6,00;0,00;12,00;36,00;12,00;0,00;28,00;12,00;12,00;12,00;9,00;18,00;18,00;0,00;18,00;6,00;6,00;0,00;3,00;14,00;3,00;6,00;0,00;0,00;0,00;0,00;0,00;0,00;0,00;0,00;0,00;0,00;0,00;3,00;0,00;0,00;0,00;0,00;0,00;0,00;0,00
2020-04-26;8,00;96,00;4,00;0,00;4,00;32,00;12,00;4,00;36,00;29,33;8,00;16,00;2,67;2,67;8,00;2,67;0,00;0,00;3,00;6,00;0,00;14,00;11,00;3,00;0,00;0,00;0,00;0,00;0,00;0,00;0,00;3,00;0,00;0,00;0,00;0,00;0,00;0,00;0,00;0,00;0,00;0,00;0,00
2020-05-03;17,00;289,00;8,50;0,00;17,00;34,00;12,75;12,75;51,00;31,17;8,50;8,50;0,00;15,45;9,27;3,09;0,00;6,00;6,00;3,00;3,00;20,00;8,00;8,00;3,00;0,00;0,00;0,00;0,00;3,00;0,00;0,00;0,00;0,00;0,00;0,00;0,00;0,00;0,00;0,00;0,00;0,00;0,00
2020-05-10;11,00;209,00;5,50;0,00;11,00;44,00;18,33;11,00;36,67;41,25;8,25;5,50;13,75;8,25;8,25;0,00;2,75;0,00;3,00;3,00;0,00;8,00;0,00;17,00;6,00;0,00;0,00;0,00;0,00;6,00;0,00;0,00;0,00;0,00;0,00;0,00;0,00;0,00;0,00;0,00;6,00;0,00;0,00
2020-05-17;12,00;300,00;6,00;0,00;12,00;44,00;20,00;16,00;92,00;33,00;0,00;21,00;3,00;24,00;36,00;9,00;3,00;6,00;6,00;0,00;6,00;18,00;6,00;15,00;3,00;0,00;3,00;0,00;0,00;3,00;3,00;6,00;0,00;0,00;0,00;0,00;0,00;0,00;0,00;0,00;0,00;0,00;0,00
2020-05-24;21,00;504,00;10,50;10,50;21,00;67,20;8,40;21,00;79,80;52,50;2,63;23,63;0,00;9,00;21,00;3,00;9,00;0,00;0,00;6,00;6,00;18,00;3,00;9,00;3,00;0,00;0,00;0,00;0,00;0,00;0,00;6,00;0,00;0,00;3,00;0,00;0,00;0,00;3,00;0,00;0,00;0,00;0,00
2020-05-31;11,00;330,00;5,50;0,00;11,00;55,00;11,00;11,00;69,67;71,50;5,50;41,25;8,25;13,75;37,13;0,00;8,25;0,00;8,00;0,00;3,00;28,00;3,00;25,00;6,00;0,00;0,00;0,00;0,00;0,00;3,00;8,00;0,00;3,00;0,00;3,00;0,00;0,00;0,00;0,00;0,00;0,00;0,00
2020-06-07;26,00;455,00;6,50;0,00;6,50;91,00;21,67;21,67;147,33;69,33;2,89;43,33;8,67;3,06;26,00;6,12;26,00;6,00;6,00;8,00;6,00;28,00;8,00;14,00;3,00;0,00;6,00;0,00;0,00;3,00;0,00;3,00;0,00;3,00;0,00;0,00;0,00;0,00;0,00;0,00;0,00;0,00;0,00
2020-06-14;40,00;533,33;13,33;0,00;13,33;84,44;8,89;22,22;133,33;90,67;8,00;58,67;10,67;8,89;31,11;0,00;14,81;6,00;8,00;8,00;3,00;37,00;14,00;37,00;8,00;0,00;0,00;0,00;0,00;14,00;6,00;3,00;3,00;6,00;6,00;0,00;3,00;0,00;0,00;0,00;3,00;0,00;0,00
2020-06-21;21,00;451,50;5,25;0,00;5,25;88,20;12,60;12,60;126,00;102,38;7,88;42,00;10,50;28,50;40,50;15,00;9,00;0,00;3,00;0,00;6,00;42,00;9,00;39,00;12,00;0,00;0,00;3,00;0,00;3,00;3,00;3,00;0,00;0,00;0,00;3,00;0,00;0,00;0,00;0,00;0,00;0,00;0,00
2020-06-28;46,00;736,00;15,33;0,00;7,67;100,36;29,27;29,27;117,09;75,76;16,24;56,82;10,82;40,25;46,00;0,00;5,75;0,00;6,00;9,00;6,00;23,00;12,00;32,00;9,00;0,00;0,00;3,00;3,00;9,00;6,00;9,00;3,00;6,00;0,00;0,00;3,00;0,00;0,00;0,00;0,00;0,00;0,00
2020-07-05;87,00;754,00;7,25;0,00;14,50;139,20;21,75;34,80;200,10;206,63;19,03;48,94;24,47;39,15;81,20;8,70;20,30;21,00;18,00;12,00;27,00;24,00;15,00;27,00;6,00;3,00;0,00;0,00;0,00;9,00;9,00;6,00;0,00;3,00;6,00;6,00;0,00;0,00;3,00;0,00;0,00;0,00;0,00
2020-07-12;63,00;919,80;12,60;0,00;12,60;135,00;18,00;40,50;189,00;164,35;8,22;63,00;2,74;27,84;98,16;38,09;19,05;9,00;13,00;6,00;19,00;25,00;35,00;6,00;13,00;0,00;0,00;0,00;6,00;6,00;0,00;16,00;3,00;0,00;3,00;6,00;0,00;0,00;0,00;3,00;0,00;0,00;0,00
2020-07-19;74,00;828,80;7,40;0,00;14,80;152,35;26,12;34,82;208,94;227,48;13,70;68,52;19,19;22,20;87,32;13,32;32,56;26,00;6,00;10,00;13,00;38,00;19,00;38,00;29,00;0,00;0,00;0,00;3,00;6,00;16,00;13,00;0,00;3,00;0,00;0,00;0,00;0,00;0,00;3,00;0,00;3,00;0,00
2020-07-26;48,00;608,00;8,00;0,00;16,00;113,45;17,45;39,27;196,36;149,33;13,33;40,00;2,67;32,00;80,00;10,18;32,00;13,00;3,00;3,00;10,00;58,00;10,00;22,00;19,00;6,00;0,00;0,00;3,00;16,00;0,00;6,00;3,00;3,00;6,00;6,00;3,00;3,00;0,00;3,00;0,00;0,00;0,00
2020-08-02;35,00;431,67;23,33;0,00;11,67;100,63;21,88;8,75;205,63;161,54;10,77;70,00;2,69;67,08;109,38;18,96;21,88;6,00;13,00;6,00;10,00;38,00;10,00;19,00;10,00;0,00;0,00;3,00;6,00;10,00;3,00;3,00;3,00;3,00;0,00;3,00;3,00;0,00;0,00;3,00;0,00;0,00;0,00
2020-08-09;56,00;602,00;7,00;0,00;7,00;124,92;21,54;17,23;215,38;194,67;13,33;50,67;18,67;30,95;103,16;11,79;8,84;9,00;6,00;22,00;12,00;19,00;12,00;40,00;6,00;0,00;0,00;3,00;0,00;9,00;3,00;6,00;3,00;0,00;0,00;6,00;3,00;0,00;0,00;0,00;0,00;0,00;0,00
2020-08-16;28,00;392,00;14,00;0,00;7,00;79,33;28,00;9,33;266,00;190,40;14,00;50,40;8,40;25,05;63,37;5,89;5,89;12,00;19,00;6,00;19,00;25,00;19,00;25,00;6,00;0,00;0,00;0,00;0,00;9,00;0,00;6,00;0,00;0,00;3,00;0,00;0,00;6,00;0,00;0,00;0,00;0,00;0,00
2020-08-23;53,00;291,50;6,63;0,00;6,63;44,17;17,67;8,83;141,33;159,00;7,95;60,95;5,30;19,14;88,33;13,25;16,19;3,00;66,00;3,00;0,00;34,00;3,00;19,00;6,00;0,00;0,00;0,00;0,00;12,00;12,00;16,00;6,00;0,00;6,00;0,00;6,00;0,00;0,00;0,00;0,00;0,00;0,00
2020-08-30;34,00;272,00;8,50;0,00;8,50;46,75;4,25;17,00;208,25;136,00;5,67;65,17;5,67;28,09;81,30;8,87;11,83;6,00;12,00;9,00;6,00;28,00;6,00;9,00;0,00;0,00;0,00;3,00;3,00;15,00;0,00;12,00;0,00;0,00;0,00;0,00;3,00;0,00;0,00;0,00;0,00;0,00;0,00
2020-09-06;16,00;240,00;0,00;0,00;8,00;60,00;12,00;8,00;180,00;144,00;5,33;64,00;8,00;21,82;65,45;2,91;59,64;6,00;9,00;0,00;6,00;38,00;9,00;3,00;6,00;0,00;3,00;0,00;3,00;9,00;0,00;9,00;0,00;0,00;0,00;0,00;0,00;0,00;0,00;0,00;0,00;0,00;0,00
2020-09-13;16,00;160,00;8,00;0,00;8,00;28,00;28,00;12,00;164,00;146,67;2,67;58,67;0,00;16,00;52,36;5,82;13,09;12,00;6,00;9,00;0,00;31,00;9,00;0,00;0,00;0,00;0,00;0,00;3,00;6,00;0,00;0,00;0,00;3,00;0,00;3,00;0,00;0,00;0,00;0,00;0,00;0,00;0,00
2020-09-20;9,00;99,00;4,50;0,00;9,00;27,00;4,50;13,50;247,50;114,00;9,00;111,00;9,00;22,50;81,00;9,00;0,00;3,00;0,00;9,00;0,00;37,00;0,00;6,00;6,00;0,00;0,00;0,00;3,00;3,00;3,00;3,00;0,00;0,00;0,00;0,00;0,00;3,00;0,00;0,00;0,00;0,00;0,00
2020-09-27;22,00;99,00;0,00;0,00;11,00;39,60;17,60;0,00;158,40;112,75;8,25;60,50;2,75;16,13;33,73;0,00;2,93;6,00;0,00;6,00;0,00;16,00;3,00;6,00;0,00;0,00;0,00;0,00;0,00;12,00;0,00;0,00;0,00;0,00;0,00;0,00;0,00;0,00;0,00;0,00;0,00;0,00;0,00
2020-10-04;16,00;144,00;16,00;0,00;8,00;36,00;24,00;4,00;148,00;128,00;8,00;26,67;8,00;13,09;32,00;2,91;5,82;3,00;3,00;9,00;6,00;19,00;0,00;3,00;3,00;0,00;0,00;0,00;0,00;3,00;3,00;6,00;0,00;0,00;0,00;0,00;0,00;0,00;0,00;0,00;0,00;0,00;0,00
2020-10-11;3,00;42,00;3,00;3,00;6,00;15,00;3,00;6,00;87,00;90,00;12,00;39,00;3,00;24,00;33,00;0,00;3,00;3,00;0,00;10,00;0,00;7,00;0,00;7,00;3,00;0,00;0,00;0,00;0,00;0,00;0,00;0,00;0,00;0,00;0,00;0,00;0,00;0,00;0,00;0,00;0,00;0,00;0,00
2020-10-18;16,00;160,00;16,00;0,00;8,00;4,00;8,00;8,00;60,00;34,67;2,67;45,33;5,33;13,09;13,09;2,91;0,00;3,00;6,00;6,00;0,00;13,00;3,00;3,00;3,00;0,00;0,00;3,00;0,00;3,00;0,00;0,00;0,00;0,00;0,00;0,00;3,00;0,00;0,00;0,00;0,00;0,00;0,00
2020-10-25;22,00;99,00;5,50;0,00;5,50;8,80;13,20;8,80;61,60;24,75;5,50;19,25;0,00;13,20;5,87;0,00;2,93;3,00;3,00;12,00;0,00;9,00;0,00;3,00;0,00;0,00;0,00;0,00;0,00;0,00;0,00;3,00;0,00;3,00;0,00;0,00;0,00;0,00;0,00;0,00;0,00;0,00;0,00
2020-11-01;17,00;102,00;8,50;0,00;17,00;17,00;4,25;4,25;25,50;34,00;11,33;17,00;2,83;6,18;6,18;0,00;6,18;0,00;0,00;0,00;0,00;8,00;3,00;3,00;0,00;0,00;0,00;0,00;0,00;6,00;3,00;6,00;0,00;0,00;0,00;0,00;0,00;0,00;0,00;0,00;0,00;0,00;0,00
2020-11-08;3,00;42,00;6,00;0,00;3,00;18,00;3,00;3,00;24,00;24,00;9,00;15,00;3,00;0,00;3,00;6,00;0,00;0,00;6,00;3,00;0,00;3,00;0,00;0,00;0,00;0,00;0,00;0,00;0,00;0,00;0,00;0,00;0,00;3,00;0,00;0,00;0,00;0,00;0,00;0,00;0,00;0,00;0,00
2020-11-15;3,00;42,00;3,00;0,00;3,00;24,00;9,00;3,00;24,00;48,00;3,00;18,00;3,00;3,00;6,00;3,00;0,00;0,00;3,00;3,00;0,00;12,00;6,00;9,00;0,00;0,00;0,00;0,00;0,00;0,00;0,00;0,00;0,00;0,00;0,00;0,00;0,00;0,00;0,00;0,00;0,00;0,00;0,00
2020-11-22;12,00;96,00;6,00;0,00;12,00;28,00;4,00;4,00;16,00;38,40;2,40;16,80;0,00;12,00;3,00;0,00;0,00;3,00;3,00;0,00;3,00;9,00;0,00;6,00;0,00;0,00;0,00;0,00;0,00;3,00;0,00;3,00;0,00;3,00;0,00;0,00;0,00;0,00;0,00;0,00;0,00;0,00;0,00
2020-11-29;9,00;72,00;4,50;0,00;4,50;18,00;9,00;13,50;36,00;90,00;9,00;9,00;0,00;3,00;3,00;3,00;6,00;3,00;0,00;3,00;0,00;15,00;0,00;6,00;3,00;0,00;0,00;0,00;0,00;0,00;0,00;0,00;0,00;0,00;0,00;0,00;0,00;0,00;0,00;0,00;0,00;0,00;0,00
2020-12-06;15,00;90,00;0,00;0,00;7,50;25,00;5,00;10,00;40,00;32,50;2,50;20,00;0,00;3,00;3,00;3,00;0,00;3,00;0,00;9,00;0,00;15,00;3,00;3,00;0,00;0,00;0,00;0,00;0,00;3,00;0,00;0,00;0,00;0,00;0,00;0,00;0,00;3,00;0,00;0,00;0,00;0,00;0,00
2020-12-13;6,00;108,00;6,00;0,00;6,00;18,00;12,00;12,00;48,00;21,00;12,00;18,00;0,00;6,00;3,00;6,00;0,00;0,00;3,00;3,00;0,00;3,00;6,00;3,00;6,00;0,00;0,00;0,00;0,00;0,00;0,00;0,00;3,00;0,00;0,00;0,00;0,00;0,00;0,00;0,00;0,00;0,00;0,00
2020-12-20;4,00;88,00;0,00;0,00;8,00;40,00;8,00;8,00;40,00;40,00;4,00;24,00;4,00;10,00;20,00;0,00;0,00;0,00;7,00;4,00;4,00;18,00;0,00;7,00;7,00;0,00;0,00;0,00;0,00;0,00;4,00;4,00;0,00;0,00;0,00;0,00;0,00;0,00;0,00;0,00;0,00;0,00;0,00
2020-12-27;10,00;140,00;5,00;0,00;10,00;65,00;15,00;10,00;55,00;42,50;10,00;15,00;10,00;7,14;7,14;0,00;0,00;0,00;3,00;0,00;3,00;20,00;0,00;10,00;0,00;0,00;3,00;0,00;0,00;0,00;0,00;3,00;0,00;3,00;3,00;0,00;3,00;0,00;0,00;0,00;0,00;0,00;0,00
2021-01-03;3,00;60,00;6,00;0,00;6,00;15,00;6,00;9,00;27,00;57,00;6,00;21,00;0,00;9,00;9,00;0,00;0,00;0,00;6,00;6,00;0,00;15,00;12,00;6,00;0,00;0,00;0,00;0,00;0,00;9,00;3,00;0,00;3,00;0,00;0,00;0,00;0,00;0,00;0,00;3,00;0,00;0,00;0,00
2021-01-10;9,00;108,00;4,50;0,00;9,00;31,50;0,00;9,00;49,50;45,00;6,00;18,00;9,00;9,00;9,00;0,00;0,00;6,00;6,00;0,00;0,00;0,00;3,00;6,00;9,00;0,00;0,00;0,00;0,00;0,00;3,00;0,00;0,00;0,00;0,00;0,00;0,00;0,00;0,00;0,00;0,00;0,00;0,00
2021-01-17;12,00;108,00;6,00;0,00;12,00;32,00;4,00;12,00;44,00;39,00;6,00;9,00;3,00;6,00;12,00;3,00;0,00;6,00;3,00;3,00;0,00;15,00;3,00;3,00;0,00;3,00;0,00;0,00;0,00;0,00;3,00;0,00;0,00;0,00;0,00;0,00;0,00;0,00;0,00;0,00;0,00;0,00;0,00
2021-01-24;9,00;90,00;4,50;0,00;9,00;31,50;9,00;4,50;54,00;36,00;9,00;6,00;9,00;18,00;21,00;0,00;3,00;0,00;6,00;0,00;3,00;12,00;3,00;0,00;0,00;0,00;0,00;0,00;0,00;6,00;9,00;3,00;0,00;0,00;0,00;0,00;3,00;0,00;3,00;0,00;0,00;0,00;0,00
2021-01-31;12,00;108,00;0,00;0,00;12,00;32,00;4,00;12,00;24,00;51,00;6,00;12,00;3,00;3,00;12,00;3,00;6,00;0,00;9,00;0,00;0,00;6,00;3,00;6,00;0,00;0,00;0,00;0,00;0,00;9,00;0,00;0,00;0,00;3,00;0,00;0,00;0,00;0,00;0,00;0,00;0,00;0,00;0,00
2021-02-07;9,00;90,00;0,00;0,00;0,00;18,00;13,50;13,50;18,00;60,00;21,00;6,00;0,00;0,00;9,00;0,00;3,00;6,00;9,00;6,00;0,00;9,00;3,00;3,00;12,00;0,00;0,00;0,00;0,00;0,00;3,00;3,00;0,00;0,00;0,00;0,00;0,00;0,00;3,00;0,00;0,00;0,00;0,00
2021-02-14;15,00;150,00;7,50;7,50;7,50;50,00;20,00;15,00;60,00;57,50;2,50;7,50;2,50;6,00;43,50;3,00;0,00;3,00;6,00;3,00;0,00;15,00;0,00;9,00;3,00;0,00;0,00;0,00;0,00;9,00;3,00;3,00;0,00;0,00;0,00;0,00;0,00;0,00;0,00;0,00;0,00;0,00;0,00
2021-02-21;12,00;204,00;6,00;0,00;12,00;20,00;12,00;4,00;56,00;57,00;3,00;6,00;9,00;12,00;43,50;3,00;0,00;3,00;0,00;3,00;9,00;24,00;0,00;0,00;3,00;0,00;0,00;0,00;0,00;3,00;0,00;0,00;0,00;0,00;0,00;0,00;0,00;0,00;0,00;0,00;0,00;0,00;0,00
2021-02-28;9,00;126,00;0,00;0,00;9,00;40,50;13,50;13,50;94,50;45,00;6,00;9,00;9,00;9,00;51,00;6,00;3,00;6,00;0,00;0,00;3,00;15,00;0,00;12,00;3,00;0,00;0,00;0,00;0,00;0,00;3,00;0,00;0,00;0,00;0,00;3,00;0,00;0,00;3,00;0,00;0,00;0,00;0,00
2021-03-07;21,00;672,00;10,50;0,00;21,00;29,40;12,60;12,60;71,40;47,25;2,63;13,13;5,25;12,00;42,00;0,00;3,00;0,00;3,00;3,00;0,00;21,00;0,00;12,00;3,00;0,00;0,00;0,00;0,00;6,00;0,00;0,00;0,00;3,00;0,00;3,00;0,00;0,00;0,00;0,00;0,00;0,00;0,00
2021-03-14;25,00;712,50;12,50;0,00;12,50;75,00;0,00;8,33;33,33;61,11;2,78;33,33;11,11;16,18;36,76;5,88;8,82;8,00;14,00;6,00;0,00;17,00;0,00;6,00;3,00;0,00;0,00;0,00;0,00;6,00;0,00;3,00;0,00;0,00;3,00;0,00;0,00;0,00;0,00;0,00;0,00;0,00;0,00
2021-03-21;21,00;819,00;0,00;0,00;21,00;58,80;0,00;8,40;21,00;28,88;2,63;23,63;5,25;12,00;33,00;0,00;6,00;0,00;0,00;3,00;3,00;12,00;0,00;0,00;0,00;0,00;0,00;0,00;0,00;6,00;3,00;3,00;3,00;0,00;0,00;0,00;0,00;0,00;0,00;3,00;0,00;0,00;0,00
2021-03-28;10,00;320,00;5,00;0,00;5,00;65,00;10,00;10,00;55,00;47,50;10,00;17,50;2,50;7,14;20,00;0,00;2,86;0,00;0,00;3,00;0,00;16,00;3,00;7,00;3,00;0,00;0,00;0,00;0,00;0,00;0,00;3,00;0,00;0,00;0,00;0,00;0,00;0,00;0,00;0,00;3,00;0,00;0,00
2021-04-04;22,00;264,00;5,50;5,50;0,00;57,20;4,40;8,80;61,60;49,50;8,25;30,25;5,50;22,00;11,73;2,93;33,73;3,00;9,00;3,00;9,00;31,00;6,00;3,00;9,00;0,00;0,00;0,00;0,00;6,00;0,00;0,00;0,00;3,00;0,00;3,00;3,00;0,00;0,00;0,00;0,00;0,00;0,00
2021-04-11;6,00;324,00;0,00;0,00;6,00;78,00;18,00;18,00;66,00;39,00;24,00;27,00;6,00;9,00;24,00;6,00;6,00;0,00;6,00;6,00;0,00;18,00;0,00;6,00;3,00;0,00;0,00;0,00;0,00;3,00;6,00;3,00;0,00;0,00;0,00;0,00;0,00;0,00;0,00;0,00;0,00;0,00;0,00
2021-04-18;12,00;360,00;0,00;0,00;12,00;56,00;8,00;8,00;52,00;51,00;9,00;36,00;3,00;12,00;30,00;3,00;0,00;0,00;9,00;3,00;3,00;21,00;3,00;12,00;0,00;0,00;0,00;0,00;0,00;3,00;0,00;3,00;0,00;0,00;0,00;0,00;0,00;0,00;0,00;0,00;0,00;0,00;0,00
2021-04-25;18,00;774,00;9,00;0,00;0,00;90,00;9,00;22,50;76,50;77,14;5,14;36,00;2,57;15,00;27,00;6,00;3,00;0,00;6,00;0,00;3,00;21,00;0,00;21,00;9,00;0,00;0,00;0,00;0,00;6,00;0,00;6,00;0,00;0,00;0,00;3,00;0,00;0,00;0,00;0,00;0,00;0,00;0,00
2021-05-02;20,00;920,00;10,00;0,00;20,00;112,00;16,00;4,00;92,00;102,86;20,00;37,14;8,57;21,43;35,71;8,57;2,86;40,00;3,00;8,00;3,00;25,00;3,00;11,00;0,00;0,00;0,00;0,00;3,00;0,00;6,00;0,00;0,00;0,00;0,00;3,00;0,00;0,00;0,00;0,00;0,00;0,00;0,00
2021-05-09;36,00;864,00;6,00;0,00;0,00;171,00;13,50;13,50;171,00;121,85;13,85;63,69;19,38;33,00;58,50;0,00;6,00;6,00;3,00;6,00;3,00;24,00;6,00;9,00;3,00;0,00;0,00;3,00;0,00;6,00;3,00;6,00;0,00;0,00;0,00;0,00;3,00;3,00;0,00;0,00;0,00;0,00;0,00
2021-05-16;29,00;1145,50;7,25;0,00;14,50;157,43;4,14;20,71;223,71;232,00;29,00;73,82;13,18;44,26;56,47;3,05;0,00;9,00;3,00;3,00;6,00;20,00;3,00;26,00;11,00;0,00;0,00;3,00;0,00;6,00;6,00;3,00;0,00;0,00;0,00;0,00;0,00;3,00;0,00;0,00;0,00;0,00;0,00
2021-05-23;27,00;1066,50;13,50;0,00;13,50;198,00;13,50;22,50;292,50;194,40;18,90;59,40;10,80;38,37;71,05;8,53;2,84;0,00;3,00;3,00;12,00;30,00;21,00;15,00;9,00;0,00;0,00;3,00;0,00;12,00;0,00;3,00;0,00;0,00;3,00;0,00;6,00;3,00;3,00;0,00;0,00;0,00;0,00
2021-05-30;41,00;1161,67;13,67;0,00;13,67;209,56;27,33;31,89;241,44;155,80;32,80;82,00;10,93;41,00;70,29;10,25;16,11;6,00;0,00;16,00;0,00;38,00;0,00;19,00;6,00;0,00;3,00;0,00;0,00;6,00;3,00;6,00;0,00;0,00;0,00;0,00;0,00;3,00;0,00;0,00;0,00;0,00;0,00
2021-06-06;37,00;1147,00;6,17;0,00;12,33;212,75;13,88;46,25;314,50;232,57;10,57;76,64;18,50;90,28;90,28;5,92;2,96;6,00;6,00;12,00;6,00;46,00;9,00;34,00;0,00;0,00;0,00;3,00;0,00;9,00;6,00;3,00;0,00;3,00;0,00;0,00;3,00;0,00;0,00;3,00;3,00;0,00;0,00
2021-06-13;44,00;1261,33;7,33;0,00;14,67;180,40;26,40;39,60;316,80;192,50;24,75;74,25;5,50;93,87;146,67;5,87;11,73;6,00;9,00;0,00;0,00;40,00;15,00;37,00;12,00;3,00;0,00;0,00;0,00;25,00;3,00;12,00;6,00;3,00;0,00;0,00;0,00;0,00;0,00;0,00;0,00;0,00;0,00
2021-06-20;50,00;1062,50;12,50;0,00;12,50;195,45;18,18;31,82;313,64;247,22;27,78;52,78;16,67;61,76;108,82;11,76;5,88;9,00;3,00;9,00;19,00;46,00;9,00;22,00;6,00;0,00;0,00;3,00;0,00;3,00;3,00;6,00;3,00;6,00;3,00;0,00;0,00;3,00;0,00;0,00;0,00;0,00;0,00
2021-06-27;41,00;1066,00;13,67;0,00;13,67;145,78;18,22;50,11;337,11;273,33;24,60;24,60;32,80;68,82;128,86;16,11;5,86;3,00;6,00;6,00;19,00;44,00;3,00;38,00;6,00;0,00;0,00;0,00;3,00;9,00;0,00;3,00;0,00;3,00;0,00;3,00;0,00;0,00;0,00;6,00;0,00;0,00;0,00
2021-07-04;42,00;1092,00;14,00;0,00;7,00;191,33;18,67;88,67;396,67;280,00;11,20;42,00;14,00;85,50;138,00;22,50;19,50;3,00;3,00;16,00;0,00;60,00;22,00;29,00;6,00;0,00;0,00;0,00;0,00;16,00;10,00;13,00;0,00;6,00;3,00;0,00;0,00;0,00;0,00;0,00;0,00;0,00;0,00
2021-07-11;42,00;854,00;14,00;0,00;7,00;113,40;33,60;25,20;386,40;240,80;19,60;36,40;14,00;44,90;111,52;5,79;18,83;3,00;3,00;26,00;6,00;35,00;26,00;35,00;10,00;0,00;0,00;3,00;0,00;26,00;10,00;13,00;0,00;6,00;0,00;3,00;3,00;0,00;0,00;0,00;0,00;0,00;0,00
2021-07-18;48,00;880,00;8,00;0,00;8,00;200,73;8,73;17,45;331,64;202,67;13,33;37,33;16,00;61,09;75,64;20,36;20,36;7,00;7,00;3,00;10,00;38,00;17,00;45,00;10,00;0,00;0,00;0,00;0,00;3,00;7,00;17,00;0,00;0,00;0,00;0,00;0,00;0,00;0,00;3,00;0,00;0,00;0,00
2021-07-25;54,00;675,00;6,75;0,00;6,75;99,00;18,00;18,00;396,00;216,00;16,20;24,30;16,20;119,68;96,32;10,22;13,14;7,00;13,00;3,00;23,00;40,00;17,00;54,00;10,00;0,00;0,00;3,00;0,00;23,00;3,00;3,00;0,00;10,00;0,00;3,00;0,00;0,00;3,00;0,00;0,00;0,00;0,00
2021-08-01;74,00;799,20;14,80;0,00;14,80;117,53;8,71;21,76;435,29;241,19;10,96;60,30;10,96;115,44;125,80;10,36;13,32;13,00;13,00;13,00;13,00;60,00;23,00;33,00;7,00;0,00;0,00;3,00;0,00;17,00;0,00;3,00;0,00;0,00;0,00;0,00;7,00;3,00;3,00;3,00;0,00;0,00;0,00
2021-08-08;32,00;912,00;16,00;0,00;16,00;128,00;9,14;13,71;356,57;210,67;2,67;58,67;13,33;65,45;97,45;2,91;24,73;7,00;10,00;17,00;7,00;52,00;3,00;38,00;3,00;0,00;4,00;4,00;4,00;14,00;14,00;10,00;0,00;0,00;0,00;0,00;4,00;0,00;0,00;0,00;4,00;0,00;0,00
2021-08-15;37,00;678,33;12,33;0,00;12,33;156,22;8,22;20,56;337,11;187,64;18,50;63,43;13,21;41,44;72,52;2,96;17,76;14,00;3,00;14,00;7,00;44,00;14,00;47,00;3,00;0,00;3,00;7,00;3,00;24,00;10,00;7,00;0,00;0,00;0,00;3,00;3,00;0,00;3,00;0,00;0,00;0,00;0,00
2021-08-22;32,00;944,00;48,00;0,00;16,00;173,71;9,14;45,71;361,14;141,33;21,33;40,00;34,67;64,00;75,64;2,91;10,18;14,00;11,00;14,00;7,00;61,00;7,00;36,00;4,00;0,00;4,00;0,00;0,00;21,00;0,00;11,00;0,00;7,00;0,00;0,00;0,00;4,00;0,00;0,00;0,00;0,00;0,00
2021-08-29;39,00;936,00;13,00;0,00;13,00;221,00;8,67;13,00;381,33;172,71;33,43;83,57;16,71;33,00;72,00;7,50;10,50;7,00;11,00;7,00;4,00;25,00;11,00;25,00;7,00;4,00;4,00;0,00;4,00;0,00;7,00;14,00;0,00;7,00;4,00;0,00;0,00;0,00;0,00;0,00;0,00;0,00;0,00
2021-09-05;40,00;973,33;13,33;0,00;26,67;133,33;13,33;4,44;302,22;98,67;21,33;96,00;24,00;62,22;72,59;2,96;0,00;7,00;11,00;7,00;7,00;43,00;7,00;29,00;11,00;0,00;4,00;0,00;0,00;11,00;4,00;4,00;0,00;0,00;4,00;4,00;0,00;0,00;0,00;0,00;0,00;0,00;0,00
2021-09-12;49,00;1061,67;8,17;0,00;16,33;160,36;17,82;22,27;365,27;160,61;21,78;49,00;21,78;56,42;84,64;7,42;20,79;7,00;7,00;7,00;14,00;14,00;7,00;31,00;0,00;0,00;0,00;0,00;3,00;7,00;3,00;0,00;0,00;0,00;0,00;0,00;0,00;0,00;0,00;0,00;0,00;0,00;0,00
2021-09-19;54,00;945,00;6,75;0,00;6,75;162,00;22,50;18,00;265,50;105,30;24,30;67,50;18,90;32,11;46,70;2,92;17,51;4,00;0,00;4,00;4,00;25,00;7,00;25,00;0,00;0,00;0,00;0,00;0,00;4,00;0,00;7,00;0,00;7,00;0,00;0,00;0,00;0,00;0,00;0,00;0,00;0,00;0,00
2021-09-26;24,00;708,00;6,00;0,00;12,00;124,00;28,00;8,00;256,00;117,33;40,00;80,00;24,00;28,50;42,00;0,00;13,50;0,00;3,00;7,00;3,00;38,00;14,00;27,00;3,00;0,00;0,00;3,00;0,00;0,00;0,00;3,00;0,00;3,00;0,00;0,00;0,00;0,00;0,00;0,00;0,00;0,00;0,00
2021-10-03;50,00;675,00;12,50;0,00;12,50;104,55;18,18;13,64;290,91;152,78;25,00;55,56;11,11;50,00;57,35;13,24;5,88;5,00;5,00;5,00;3,00;13,00;5,00;8,00;16,00;0,00;3,00;0,00;3,00;3,00;0,00;0,00;3,00;3,00;0,00;0,00;0,00;0,00;0,00;0,00;0,00;0,00;0,00
2021-10-10;58,00;667,00;14,50;0,00;29,00;111,54;22,31;13,38;209,69;118,76;22,10;60,76;11,05;38,67;38,67;16,36;2,97;7,00;0,00;12,00;5,00;14,00;5,00;12,00;12,00;0,00;2,00;0,00;0,00;2,00;10,00;0,00;0,00;0,00;2,00;2,00;0,00;0,00;0,00;0,00;0,00;0,00;0,00
2021-10-17;39,00;533,00;13,00;0,00;26,00;52,00;21,67;26,00;134,33;69,64;13,93;52,93;8,36;46,22;23,11;4,33;7,22;5,00;0,00;2,00;0,00;14,00;11,00;9,00;2,00;0,00;0,00;0,00;0,00;0,00;2,00;0,00;0,00;0,00;0,00;2,00;0,00;2,00;0,00;0,00;0,00;0,00;0,00
2021-10-24;40,00;360,00;13,33;0,00;6,67;48,89;17,78;8,89;93,33;77,33;29,33;80,00;16,00;11,85;23,70;8,89;4,44;2,00;0,00;7,00;0,00;30,00;5,00;2,00;5,00;0,00;0,00;2,00;0,00;2,00;5,00;0,00;0,00;2,00;0,00;0,00;0,00;0,00;0,00;0,00;0,00;0,00;0,00
2021-10-31;35,00;560,00;17,50;0,00;17,50;39,38;21,88;8,75;74,38;53,85;13,46;37,69;8,08;20,42;36,46;4,38;0,00;7,00;5,00;9,00;5,00;27,00;7,00;9,00;0,00;0,00;2,00;2,00;0,00;5,00;2,00;2,00;0,00;5,00;0,00;2,00;0,00;2,00;0,00;0,00;0,00;0,00;0,00
2021-11-07;9,00;198,00;4,50;0,00;9,00;45,00;13,50;9,00;76,50;48,00;18,00;39,00;18,00;13,50;12,00;7,50;3,00;2,00;2,00;0,00;0,00;9,00;2,00;11,00;2,00;0,00;2,00;2,00;0,00;5,00;0,00;0,00;0,00;0,00;0,00;0,00;0,00;0,00;0,00;0,00;0,00;0,00;0,00
2021-11-14;25,00;212,50;6,25;0,00;12,50;12,50;12,50;16,67;54,17;36,11;5,56;27,78;22,22;16,18;20,59;2,94;0,00;7,00;2,00;2,00;2,00;18,00;0,00;5,00;0,00;0,00;2,00;5,00;0,00;5,00;2,00;0,00;0,00;0,00;0,00;0,00;2,00;0,00;0,00;0,00;0,00;0,00;0,00
2021-11-21;22,00;154,00;11,00;0,00;11,00;17,60;4,40;8,80;44,00;27,50;16,50;27,50;5,50;8,80;10,27;1,47;0,00;2,00;4,00;9,00;0,00;15,00;0,00;18,00;2,00;0,00;0,00;0,00;0,00;0,00;0,00;0,00;0,00;0,00;0,00;2,00;2,00;0,00;0,00;0,00;0,00;0,00;0,00
2021-11-28;11,00;154,00;5,50;0,00;11,00;14,67;14,67;7,33;33,00;38,50;5,50;35,75;5,50;16,50;19,25;6,88;0,00;4,00;0,00;4,00;0,00;4,00;2,00;0,00;2,00;0,00;0,00;0,00;0,00;2,00;2,00;2,00;0,00;0,00;0,00;0,00;4,00;0,00;0,00;0,00;0,00;0,00;0,00
2021-12-05;23,00;172,50;11,50;0,00;11,50;46,00;4,60;9,20;32,20;37,38;5,75;23,00;8,63;11,50;15,81;4,31;0,00;2,00;5,00;2,00;5,00;9,00;2,00;5,00;5,00;0,00;5,00;0,00;0,00;5,00;0,00;0,00;0,00;2,00;2,00;0,00;0,00;0,00;0,00;0,00;0,00;0,00;0,00
2021-12-12;52,00;221,00;13,00;0,00;13,00;34,67;8,67;8,67;60,67;41,05;21,89;21,89;19,16;22,29;19,31;2,97;2,97;12,00;0,00;5,00;0,00;12,00;2,00;5,00;5,00;0,00;0,00;0,00;0,00;2,00;2,00;2,00;0,00;0,00;2,00;0,00;0,00;0,00;0,00;0,00;0,00;0,00;0,00
2021-12-19;33,00;346,50;0,00;0,00;8,25;49,50;8,25;12,38;45,38;60,50;11,00;16,50;5,50;8,61;20,09;5,74;2,87;6,00;0,00;0,00;0,00;3,00;0,00;9,00;3,00;0,00;3,00;3,00;0,00;3,00;0,00;3,00;0,00;0,00;0,00;3,00;0,00;0,00;0,00;0,00;0,00;0,00;0,00
2021-12-26;39,00;364,00;13,00;6,50;6,50;60,67;8,67;13,00;65,00;75,21;16,71;44,57;22,29;10,50;25,50;3,00;0,00;7,00;4,00;4,00;4,00;18,00;0,00;7,00;7,00;0,00;0,00;0,00;0,00;11,00;4,00;4,00;0,00;4,00;0,00;0,00;0,00;0,00;0,00;0,00;0,00;0,00;0,00
