Semaine;Chamonix (FR);Val Thorens (FR);Alpe d Huez (FR);Les Deux Alpes (FR);Ischgl (AT);Tignes (FR);Les Arcs (FR);Saalbach (AT);Les Ménuires (FR);Avoriaz (FR);La Plagne (FR);Sankt Anton (AT);Zermatt (CH);Flachau (AT);La Clusaz (FR);Verbier (CH);Zillertal (AT);Morzine (FR);Châtel (FR);St Moritz (DE);Les Gets (FR);Val Cenis (FR);Courchevel (FR);Mayrhofen (AT);Serre Chevalier (FR);Samoëns (FR);Valloire (FR);Méribel (FR);Val d Isère (FR);Megève (FR);Kitzbuhel (AT);Vars (FR);Garmisch (DE);Schladming (AT);Grand Bornand (FR);Brixental (AT);Gstaad (CH);Font Romeu (FR);St Lary (FR);Barèges (FR);La Mongie (FR);Peyragudes (FR)
2019-01-06;51,00;13,00;0,00;6,00;13,00;0,00;0,00;19,00;0,00;0,00;0,00;32,45;18,55;38,00;0,00;13,00;6,00;0,00;0,00;89,25;0,00;0,00;6,00;6,00;6,00;0,00;0,00;0,00;0,00;13,00;6,00;6,00;0,00;0,00;0,00;0,00;0,00;0,00;0,00;0,00;0,00;0,00
2019-01-13;43,00;6,00;19,00;0,00;12,00;6,00;0,00;12,00;0,00;0,00;0,00;6,79;31,68;0,00;0,00;19,00;6,00;0,00;0,00;68,80;0,00;0,00;0,00;0,00;12,00;0,00;0,00;0,00;0,00;0,00;19,00;6,00;0,00;0,00;0,00;0,00;12,00;0,00;0,00;0,00;0,00;0,00
2019-01-20;47,00;0,00;6,00;0,00;6,00;0,00;0,00;0,00;0,00;0,00;0,00;6,71;22,38;6,00;0,00;0,00;6,00;0,00;0,00;76,91;0,00;0,00;6,00;6,00;0,00;0,00;0,00;0,00;0,00;0,00;12,00;0,00;6,00;0,00;0,00;0,00;0,00;0,00;0,00;0,00;0,00;0,00
2019-01-27;41,00;18,00;0,00;24,00;6,00;0,00;0,00;0,00;0,00;0,00;0,00;6,83;29,61;6,00;6,00;0,00;6,00;6,47;0,00;43,16;6,47;0,00;0,00;0,00;0,00;0,00;0,00;0,00;0,00;12,00;0,00;0,00;6,00;12,00;0,00;0,00;6,00;0,00;0,00;0,00;0,00;0,00
2019-02-03;31,00;6,00;0,00;0,00;19,00;6,00;0,00;0,00;0,00;0,00;0,00;0,00;17,71;0,00;6,00;12,00;0,00;0,00;0,00;64,21;0,00;0,00;6,00;0,00;12,00;0,00;0,00;0,00;0,00;0,00;0,00;0,00;6,00;6,00;0,00;0,00;0,00;0,00;0,00;0,00;0,00;0,00
2019-02-10;31,00;0,00;0,00;31,00;12,00;6,00;0,00;0,00;0,00;0,00;0,00;13,29;6,64;0,00;6,00;6,00;13,00;0,00;0,00;55,80;0,00;0,00;6,00;13,00;13,00;0,00;0,00;0,00;0,00;0,00;0,00;0,00;0,00;0,00;0,00;0,00;6,00;0,00;0,00;0,00;0,00;0,00
2019-02-17;13,00;0,00;6,00;6,00;0,00;0,00;0,00;0,00;0,00;6,50;0,00;0,00;17,33;0,00;0,00;0,00;0,00;0,00;0,00;58,50;0,00;0,00;6,00;0,00;0,00;6,00;6,00;0,00;0,00;0,00;6,00;6,00;0,00;13,00;0,00;0,00;0,00;0,00;0,00;0,00;0,00;0,00
2019-02-24;19,00;0,00;12,00;12,00;0,00;0,00;0,00;6,00;0,00;0,00;0,00;7,13;26,13;0,00;0,00;6,00;6,00;6,33;0,00;54,89;0,00;0,00;6,00;0,00;12,00;0,00;0,00;0,00;13,00;0,00;0,00;6,00;0,00;0,00;0,00;0,00;0,00;0,00;0,00;0,00;0,00;0,00
2019-03-03;26,00;7,00;0,00;0,00;13,00;0,00;0,00;13,00;0,00;0,00;0,00;6,50;26,00;0,00;0,00;0,00;7,00;6,50;0,00;41,17;0,00;0,00;0,00;0,00;0,00;0,00;0,00;0,00;7,00;0,00;0,00;0,00;7,00;0,00;0,00;0,00;7,00;13,00;0,00;0,00;0,00;0,00
2019-03-10;25,00;0,00;0,00;0,00;0,00;0,00;0,00;13,00;0,00;0,00;0,00;6,82;18,18;0,00;6,00;6,00;0,00;0,00;0,00;68,75;0,00;0,00;0,00;0,00;13,00;0,00;0,00;0,00;0,00;0,00;0,00;0,00;0,00;0,00;0,00;0,00;0,00;0,00;0,00;0,00;0,00;0,00
2019-03-17;13,00;0,00;13,00;0,00;26,00;0,00;0,00;0,00;0,00;0,00;0,00;0,00;6,50;0,00;7,00;13,00;0,00;0,00;0,00;60,67;0,00;0,00;0,00;0,00;0,00;0,00;0,00;0,00;0,00;7,00;0,00;0,00;0,00;0,00;0,00;0,00;0,00;0,00;0,00;0,00;0,00;0,00
2019-03-24;13,00;6,00;6,00;6,00;6,00;0,00;0,00;0,00;6,00;0,00;0,00;0,00;19,50;0,00;0,00;0,00;0,00;0,00;0,00;58,50;6,50;0,00;0,00;0,00;0,00;0,00;0,00;0,00;0,00;0,00;6,00;0,00;0,00;0,00;0,00;0,00;0,00;0,00;0,00;0,00;6,00;0,00
2019-03-31;25,00;6,00;13,00;6,00;0,00;0,00;0,00;0,00;0,00;0,00;0,00;6,82;31,82;0,00;0,00;6,00;0,00;0,00;0,00;43,75;0,00;0,00;0,00;0,00;0,00;0,00;0,00;0,00;0,00;0,00;6,00;0,00;6,00;0,00;0,00;0,00;0,00;0,00;0,00;0,00;0,00;0,00
2019-04-07;55,00;12,00;0,00;0,00;0,00;6,00;0,00;6,00;0,00;0,00;0,00;0,00;18,33;0,00;0,00;0,00;0,00;6,35;0,00;35,96;0,00;0,00;0,00;0,00;0,00;0,00;0,00;0,00;6,00;0,00;0,00;0,00;0,00;0,00;0,00;0,00;0,00;0,00;0,00;0,00;0,00;0,00
2019-04-14;6,00;6,00;6,00;6,00;0,00;0,00;0,00;0,00;0,00;0,00;0,00;0,00;12,00;0,00;0,00;0,00;13,00;0,00;0,00;24,00;0,00;0,00;0,00;0,00;0,00;0,00;0,00;6,00;0,00;0,00;6,00;0,00;0,00;0,00;0,00;0,00;0,00;0,00;0,00;0,00;0,00;0,00
2019-04-21;27,00;0,00;0,00;13,00;0,00;0,00;0,00;0,00;0,00;0,00;0,00;0,00;13,50;7,00;0,00;0,00;0,00;0,00;0,00;6,23;0,00;0,00;7,00;0,00;7,00;0,00;0,00;0,00;0,00;0,00;7,00;0,00;0,00;7,00;0,00;0,00;7,00;0,00;0,00;0,00;0,00;0,00
2019-04-28;6,00;0,00;6,00;6,00;0,00;0,00;0,00;0,00;0,00;0,00;0,00;6,00;6,00;0,00;0,00;6,00;0,00;0,00;0,00;30,00;0,00;0,00;0,00;0,00;6,00;0,00;0,00;0,00;0,00;0,00;0,00;0,00;0,00;0,00;0,00;0,00;0,00;0,00;0,00;0,00;0,00;0,00
2019-05-05;24,00;0,00;0,00;6,00;0,00;12,00;0,00;0,00;0,00;0,00;0,00;0,00;24,00;0,00;0,00;0,00;6,00;6,55;0,00;74,18;0,00;0,00;0,00;0,00;0,00;6,00;0,00;6,00;0,00;0,00;0,00;0,00;0,00;0,00;0,00;0,00;6,00;0,00;0,00;0,00;0,00;0,00
2019-05-12;6,00;0,00;0,00;6,00;0,00;0,00;0,00;0,00;0,00;0,00;0,00;0,00;6,00;12,00;0,00;6,00;6,00;12,00;0,00;16,00;0,00;0,00;0,00;0,00;0,00;0,00;0,00;0,00;0,00;0,00;0,00;0,00;0,00;0,00;0,00;0,00;0,00;0,00;0,00;0,00;0,00;0,00
2019-05-19;0,00;0,00;12,00;0,00;0,00;0,00;0,00;0,00;0,00;0,00;0,00;3,00;8,00;0,00;6,00;0,00;0,00;0,00;0,00;14,00;0,00;0,00;0,00;0,00;0,00;6,00;0,00;0,00;6,00;0,00;0,00;0,00;0,00;0,00;0,00;0,00;6,00;0,00;0,00;0,00;0,00;0,00
2019-05-26;29,00;0,00;6,00;12,00;0,00;0,00;0,00;6,00;0,00;0,00;0,00;0,00;11,15;0,00;0,00;0,00;0,00;0,00;0,00;45,57;0,00;0,00;6,00;6,00;0,00;0,00;0,00;6,00;0,00;0,00;0,00;0,00;0,00;0,00;0,00;0,00;0,00;6,00;0,00;0,00;0,00;0,00
2019-06-02;38,00;0,00;6,00;0,00;6,00;0,00;0,00;0,00;0,00;0,00;0,00;6,71;13,41;0,00;0,00;0,00;0,00;0,00;0,00;50,67;0,00;0,00;0,00;0,00;0,00;0,00;0,00;0,00;0,00;0,00;0,00;0,00;6,00;0,00;0,00;0,00;0,00;0,00;0,00;0,00;0,00;0,00
2019-06-09;19,00;0,00;6,00;6,00;0,00;0,00;0,00;0,00;0,00;7,13;0,00;0,00;7,13;0,00;6,00;6,00;0,00;6,33;0,00;38,00;6,33;0,00;13,00;0,00;0,00;0,00;0,00;6,00;0,00;0,00;0,00;0,00;0,00;0,00;0,00;0,00;0,00;0,00;0,00;0,00;0,00;0,00
2019-06-16;38,00;0,00;0,00;25,00;12,00;6,00;0,00;0,00;0,00;0,00;0,00;0,00;17,88;6,00;0,00;0,00;0,00;0,00;0,00;31,67;0,00;0,00;6,00;0,00;0,00;0,00;0,00;0,00;0,00;0,00;6,00;0,00;13,00;0,00;0,00;0,00;0,00;0,00;0,00;0,00;0,00;0,00
2019-06-23;13,00;0,00;0,00;25,00;0,00;0,00;0,00;0,00;0,00;6,50;0,00;13,00;6,50;0,00;0,00;13,00;0,00;6,50;0,00;26,00;0,00;0,00;13,00;6,00;0,00;0,00;6,00;0,00;0,00;0,00;6,00;0,00;0,00;0,00;0,00;0,00;0,00;0,00;0,00;0,00;0,00;0,00
2019-06-30;19,00;0,00;0,00;32,00;0,00;0,00;0,00;6,00;0,00;0,00;0,00;40,38;26,13;6,00;6,00;6,00;0,00;0,00;0,00;38,00;0,00;0,00;0,00;0,00;0,00;0,00;6,00;0,00;0,00;0,00;6,00;0,00;6,00;6,00;0,00;0,00;0,00;0,00;0,00;0,00;0,00;0,00
2019-07-07;37,00;0,00;6,00;6,00;0,00;6,00;0,00;6,00;0,00;0,00;0,00;0,00;11,56;0,00;0,00;0,00;18,00;0,00;0,00;43,53;0,00;0,00;0,00;12,00;0,00;6,00;6,00;0,00;0,00;0,00;0,00;0,00;0,00;6,00;0,00;6,00;6,00;0,00;0,00;0,00;0,00;0,00
2019-07-14;63,00;13,00;13,00;32,00;6,00;0,00;0,00;0,00;0,00;0,00;0,00;13,50;45,00;13,00;0,00;19,00;13,00;12,60;0,00;50,40;0,00;0,00;0,00;0,00;6,00;0,00;0,00;0,00;0,00;0,00;6,00;0,00;19,00;0,00;0,00;0,00;0,00;0,00;0,00;0,00;0,00;0,00
2019-07-21;58,00;19,00;0,00;19,00;6,00;19,00;0,00;6,00;0,00;0,00;0,00;6,69;223,08;6,00;0,00;0,00;19,00;0,00;0,00;58,00;0,00;0,00;0,00;0,00;0,00;0,00;6,00;0,00;0,00;6,00;6,00;0,00;0,00;6,00;6,00;6,00;0,00;0,00;0,00;0,00;0,00;0,00
2019-07-28;65,00;0,00;0,00;6,00;13,00;0,00;0,00;0,00;0,00;6,96;0,00;25,54;92,86;6,00;6,00;0,00;26,00;0,00;0,00;58,50;0,00;0,00;6,00;0,00;0,00;13,00;0,00;0,00;0,00;0,00;32,00;6,00;13,00;0,00;0,00;0,00;6,00;0,00;0,00;0,00;0,00;0,00
2019-08-04;47,00;7,00;13,00;13,00;7,00;14,00;7,00;0,00;0,00;0,00;0,00;6,71;20,14;7,00;0,00;7,00;7,00;0,00;0,00;40,59;0,00;0,00;0,00;0,00;0,00;0,00;0,00;14,00;0,00;7,00;14,00;0,00;7,00;0,00;0,00;0,00;0,00;0,00;0,00;0,00;0,00;0,00
2019-08-11;91,00;0,00;14,00;7,00;0,00;0,00;0,00;7,00;0,00;0,00;0,00;13,65;43,23;7,00;0,00;0,00;0,00;6,35;0,00;48,67;0,00;0,00;0,00;7,00;0,00;0,00;0,00;0,00;0,00;14,00;7,00;0,00;0,00;0,00;0,00;0,00;7,00;0,00;0,00;0,00;0,00;0,00
2019-08-18;39,00;0,00;7,00;7,00;7,00;7,00;0,00;0,00;0,00;6,88;0,00;6,88;80,29;0,00;0,00;13,00;13,00;0,00;0,00;80,17;0,00;0,00;7,00;0,00;0,00;0,00;0,00;7,00;13,00;7,00;0,00;0,00;7,00;0,00;0,00;0,00;0,00;0,00;0,00;0,00;0,00;0,00
2019-08-25;54,00;0,00;0,00;0,00;18,00;0,00;0,00;0,00;0,00;0,00;0,00;6,75;47,25;0,00;0,00;0,00;0,00;0,00;6,48;60,48;0,00;0,00;6,00;0,00;0,00;0,00;0,00;0,00;0,00;0,00;0,00;0,00;0,00;0,00;0,00;0,00;0,00;0,00;0,00;0,00;0,00;0,00
2019-09-01;17,00;0,00;0,00;11,00;0,00;6,00;0,00;0,00;0,00;4,86;0,00;4,86;12,14;6,00;0,00;0,00;6,00;0,00;0,00;61,63;0,00;0,00;0,00;0,00;0,00;0,00;0,00;0,00;0,00;6,00;0,00;0,00;0,00;0,00;0,00;0,00;0,00;0,00;0,00;0,00;0,00;0,00
2019-09-08;23,00;0,00;6,00;6,00;0,00;0,00;0,00;0,00;0,00;6,90;0,00;6,90;18,40;0,00;0,00;0,00;0,00;0,00;6,27;46,00;0,00;0,00;6,00;0,00;6,00;0,00;0,00;0,00;6,00;0,00;12,00;6,00;6,00;6,00;0,00;0,00;0,00;0,00;0,00;0,00;0,00;0,00
2019-09-15;29,00;6,00;6,00;11,00;6,00;0,00;0,00;0,00;0,00;0,00;6,69;0,00;22,31;6,00;0,00;17,00;6,00;11,15;0,00;24,54;0,00;0,00;0,00;0,00;0,00;0,00;0,00;0,00;6,00;0,00;0,00;0,00;6,00;0,00;0,00;6,00;0,00;0,00;0,00;0,00;0,00;0,00
2019-09-22;23,00;6,00;6,00;6,00;17,00;0,00;0,00;0,00;6,00;0,00;0,00;0,00;6,90;0,00;0,00;11,00;0,00;0,00;0,00;79,45;0,00;0,00;0,00;0,00;0,00;0,00;0,00;0,00;6,00;0,00;6,00;0,00;0,00;0,00;0,00;0,00;0,00;0,00;0,00;0,00;0,00;0,00
2019-09-29;40,00;0,00;6,00;0,00;6,00;6,00;0,00;0,00;6,00;0,00;0,00;0,00;28,89;0,00;0,00;0,00;6,00;0,00;0,00;33,68;0,00;0,00;0,00;6,00;0,00;0,00;0,00;0,00;0,00;0,00;0,00;0,00;0,00;0,00;0,00;0,00;0,00;0,00;0,00;0,00;0,00;0,00
2019-10-06;12,00;0,00;6,00;6,00;0,00;6,00;0,00;0,00;0,00;7,20;0,00;0,00;31,20;0,00;0,00;6,00;6,00;12,00;0,00;28,00;6,00;0,00;0,00;6,00;6,00;0,00;0,00;0,00;0,00;6,00;0,00;0,00;18,00;0,00;0,00;0,00;0,00;0,00;0,00;0,00;0,00;0,00
2019-10-13;18,00;0,00;6,00;12,00;0,00;6,00;0,00;6,00;0,00;0,00;0,00;6,75;22,50;0,00;0,00;12,00;12,00;0,00;0,00;56,25;0,00;0,00;0,00;0,00;0,00;0,00;0,00;0,00;0,00;6,00;0,00;0,00;0,00;0,00;0,00;0,00;0,00;6,00;0,00;0,00;0,00;0,00
2019-10-20;34,00;0,00;6,00;11,00;6,00;0,00;0,00;6,00;0,00;0,00;0,00;0,00;11,33;0,00;6,00;11,00;6,00;0,00;0,00;38,25;0,00;0,00;0,00;6,00;6,00;0,00;0,00;0,00;0,00;6,00;11,00;0,00;6,00;0,00;0,00;0,00;6,00;0,00;0,00;0,00;0,00;0,00
2019-10-27;68,00;0,00;6,00;23,00;6,00;0,00;0,00;6,00;0,00;0,00;6,80;11,33;22,67;6,00;0,00;11,00;11,00;0,00;0,00;44,63;0,00;0,00;0,00;6,00;6,00;0,00;0,00;6,00;0,00;0,00;6,00;0,00;0,00;0,00;0,00;0,00;6,00;0,00;0,00;0,00;0,00;0,00
2019-11-03;17,00;0,00;0,00;11,00;0,00;6,00;6,00;0,00;0,00;0,00;0,00;0,00;36,43;0,00;0,00;6,00;11,00;0,00;0,00;34,00;0,00;0,00;0,00;0,00;0,00;0,00;0,00;0,00;0,00;6,00;6,00;6,00;6,00;0,00;0,00;0,00;0,00;0,00;0,00;0,00;0,00;0,00
2019-11-10;51,00;0,00;11,00;11,00;0,00;0,00;0,00;0,00;0,00;0,00;4,64;0,00;27,82;0,00;0,00;6,00;6,00;0,00;0,00;102,00;0,00;0,00;0,00;0,00;0,00;0,00;0,00;0,00;0,00;0,00;6,00;0,00;0,00;0,00;0,00;0,00;6,00;0,00;0,00;0,00;0,00;0,00
2019-11-17;28,00;11,00;6,00;17,00;11,00;11,00;0,00;0,00;0,00;0,00;4,67;16,33;51,33;0,00;0,00;11,00;11,00;0,00;0,00;51,69;0,00;0,00;0,00;0,00;0,00;0,00;0,00;6,00;0,00;0,00;17,00;0,00;0,00;0,00;0,00;0,00;0,00;0,00;0,00;0,00;0,00;0,00
2019-11-24;34,00;6,00;6,00;11,00;6,00;0,00;6,00;0,00;0,00;0,00;0,00;4,53;27,20;6,00;6,00;6,00;0,00;0,00;0,00;61,63;0,00;0,00;17,00;0,00;6,00;0,00;0,00;0,00;6,00;0,00;0,00;0,00;6,00;6,00;0,00;0,00;0,00;0,00;0,00;0,00;0,00;0,00
2019-12-01;23,00;0,00;0,00;6,00;12,00;0,00;0,00;0,00;0,00;0,00;0,00;11,50;59,80;0,00;0,00;0,00;0,00;0,00;0,00;92,00;0,00;0,00;6,00;0,00;6,00;0,00;0,00;0,00;0,00;0,00;6,00;0,00;6,00;0,00;0,00;0,00;0,00;0,00;0,00;0,00;0,00;0,00
2019-12-08;29,00;18,00;0,00;12,00;0,00;0,00;0,00;0,00;6,00;0,00;0,00;17,85;29,00;0,00;6,00;6,00;0,00;0,00;0,00;97,36;0,00;0,00;12,00;0,00;0,00;0,00;0,00;0,00;0,00;0,00;0,00;12,00;6,00;0,00;0,00;0,00;0,00;0,00;0,00;0,00;0,00;0,00
2019-12-15;47,00;18,00;0,00;12,00;12,00;12,00;0,00;6,00;0,00;6,71;0,00;6,71;0,00;0,00;0,00;6,00;0,00;0,00;0,00;66,23;0,00;0,00;0,00;6,00;12,00;0,00;0,00;0,00;0,00;6,00;6,00;6,00;0,00;6,00;0,00;6,00;0,00;0,00;0,00;0,00;0,00;0,00
2019-12-22;94,00;7,00;0,00;7,00;13,00;7,00;0,00;0,00;0,00;6,88;0,00;0,00;34,39;0,00;0,00;0,00;0,00;0,00;0,00;106,82;0,00;0,00;7,00;0,00;7,00;0,00;0,00;0,00;7,00;7,00;13,00;0,00;7,00;0,00;0,00;0,00;7,00;0,00;0,00;0,00;0,00;0,00
2019-12-29;89,00;0,00;6,00;13,00;13,00;6,00;6,00;6,00;6,00;6,85;0,00;0,00;38,79;0,00;0,00;6,00;0,00;0,00;0,00;133,50;0,00;0,00;0,00;0,00;6,00;0,00;6,00;0,00;6,00;6,00;6,00;6,00;13,00;0,00;0,00;0,00;6,00;0,00;0,00;0,00;0,00;0,00
2020-01-05;29,00;6,00;12,00;12,00;0,00;6,00;0,00;6,00;6,00;0,00;0,00;0,00;33,46;0,00;6,00;12,00;17,00;6,21;0,00;78,71;0,00;6,00;0,00;0,00;12,00;6,00;0,00;0,00;6,00;0,00;0,00;12,00;0,00;0,00;6,00;0,00;0,00;0,00;0,00;0,00;0,00;0,00
2020-01-12;27,00;11,00;0,00;0,00;11,00;0,00;0,00;0,00;0,00;0,00;0,00;0,00;20,25;11,00;0,00;0,00;16,00;0,00;0,00;90,00;0,00;0,00;5,00;0,00;0,00;0,00;0,00;0,00;5,00;5,00;21,00;0,00;0,00;0,00;0,00;0,00;11,00;0,00;0,00;0,00;0,00;0,00
2020-01-19;39,00;6,00;17,00;17,00;6,00;0,00;0,00;6,00;0,00;4,59;0,00;0,00;27,53;6,00;0,00;11,00;11,00;0,00;0,00;84,50;0,00;0,00;0,00;0,00;0,00;0,00;0,00;0,00;0,00;6,00;6,00;0,00;0,00;6,00;0,00;0,00;6,00;0,00;0,00;0,00;0,00;0,00
2020-01-26;5,00;11,00;0,00;11,00;16,00;0,00;5,00;11,00;0,00;0,00;0,00;0,00;17,50;0,00;0,00;0,00;0,00;0,00;0,00;71,67;0,00;0,00;5,00;0,00;0,00;0,00;0,00;5,00;0,00;16,00;0,00;0,00;0,00;22,00;0,00;0,00;5,00;0,00;0,00;0,00;0,00;0,00
2020-02-02;16,00;21,00;11,00;5,00;0,00;0,00;0,00;5,00;0,00;0,00;0,00;11,43;32,00;5,00;0,00;0,00;0,00;0,00;6,86;98,29;4,57;0,00;0,00;0,00;0,00;0,00;0,00;0,00;0,00;0,00;5,00;5,00;0,00;5,00;0,00;0,00;5,00;0,00;0,00;0,00;0,00;0,00
2020-02-09;55,00;5,00;5,00;5,00;11,00;0,00;0,00;11,00;0,00;0,00;0,00;4,58;16,04;0,00;6,00;0,00;0,00;0,00;0,00;71,92;0,00;0,00;0,00;6,00;0,00;0,00;0,00;0,00;0,00;6,00;6,00;0,00;6,00;0,00;0,00;0,00;6,00;0,00;0,00;0,00;0,00;0,00
2020-02-16;82,00;0,00;0,00;11,00;5,00;0,00;6,00;6,00;0,00;4,56;0,00;4,56;11,39;0,00;0,00;5,00;0,00;0,00;0,00;54,67;0,00;0,00;0,00;0,00;11,00;0,00;0,00;0,00;0,00;0,00;0,00;0,00;0,00;6,00;0,00;0,00;0,00;0,00;0,00;0,00;0,00;0,00
2020-02-23;36,00;10,00;0,00;5,00;0,00;5,00;5,00;10,00;0,00;0,00;4,50;4,50;15,75;5,00;0,00;5,00;5,00;0,00;0,00;72,00;0,00;0,00;0,00;0,00;0,00;0,00;0,00;0,00;0,00;0,00;0,00;5,00;0,00;0,00;0,00;0,00;0,00;0,00;0,00;0,00;0,00;0,00
2020-03-01;10,00;0,00;5,00;10,00;10,00;0,00;0,00;0,00;0,00;0,00;0,00;0,00;12,50;0,00;0,00;0,00;10,00;0,00;0,00;44,00;0,00;0,00;5,00;0,00;10,00;0,00;0,00;5,00;5,00;0,00;0,00;10,00;5,00;0,00;0,00;0,00;5,00;0,00;0,00;0,00;0,00;0,00
2020-03-08;15,00;0,00;5,00;5,00;5,00;0,00;5,00;0,00;0,00;0,00;0,00;4,29;15,00;0,00;0,00;5,00;0,00;0,00;0,00;40,71;0,00;0,00;0,00;0,00;0,00;0,00;0,00;0,00;0,00;0,00;0,00;5,00;0,00;0,00;0,00;0,00;0,00;5,00;0,00;0,00;0,00;0,00
2020-03-15;0,00;0,00;5,00;0,00;0,00;0,00;0,00;0,00;0,00;0,00;0,00;0,00;2,00;5,00;0,00;0,00;5,00;0,00;0,00;2,00;0,00;0,00;0,00;5,00;0,00;0,00;0,00;0,00;0,00;0,00;5,00;0,00;0,00;0,00;0,00;0,00;0,00;0,00;0,00;0,00;0,00;0,00
2020-03-22;18,00;5,00;0,00;0,00;28,00;5,00;0,00;5,00;0,00;0,00;0,00;4,50;18,00;0,00;0,00;9,00;5,00;0,00;0,00;18,00;0,00;0,00;0,00;0,00;0,00;0,00;0,00;0,00;0,00;0,00;0,00;0,00;0,00;0,00;0,00;0,00;5,00;0,00;0,00;0,00;0,00;0,00
2020-03-29;5,00;0,00;5,00;0,00;33,00;0,00;0,00;0,00;5,00;0,00;0,00;0,00;10,00;0,00;0,00;5,00;5,00;0,00;0,00;22,50;0,00;0,00;0,00;0,00;0,00;0,00;0,00;0,00;0,00;0,00;0,00;0,00;0,00;0,00;0,00;0,00;0,00;0,00;0,00;0,00;0,00;0,00
2020-04-05;0,00;0,00;10,00;0,00;0,00;0,00;0,00;0,00;0,00;0,00;0,00;2,00;2,00;0,00;5,00;10,00;0,00;0,00;0,00;9,00;0,00;0,00;5,00;0,00;0,00;0,00;0,00;0,00;0,00;0,00;0,00;0,00;0,00;0,00;0,00;0,00;0,00;0,00;0,00;0,00;0,00;0,00
2020-04-12;0,00;0,00;5,00;10,00;5,00;0,00;0,00;0,00;0,00;0,00;0,00;0,00;5,00;0,00;0,00;5,00;0,00;0,00;0,00;10,00;0,00;0,00;0,00;0,00;0,00;0,00;0,00;0,00;0,00;0,00;0,00;0,00;0,00;0,00;0,00;5,00;0,00;0,00;0,00;0,00;0,00;0,00
2020-04-19;0,00;0,00;5,00;5,00;5,00;5,00;0,00;0,00;0,00;0,00;0,00;2,00;4,00;0,00;0,00;0,00;0,00;0,00;0,00;7,00;0,00;0,00;0,00;0,00;0,00;0,00;0,00;0,00;0,00;0,00;0,00;0,00;0,00;0,00;0,00;0,00;0,00;0,00;0,00;0,00;0,00;0,00
2020-04-26;0,00;0,00;0,00;10,00;0,00;0,00;0,00;0,00;0,00;0,00;0,00;2,00;2,00;0,00;5,00;0,00;0,00;0,00;0,00;7,00;0,00;0,00;0,00;0,00;0,00;0,00;0,00;0,00;0,00;0,00;0,00;0,00;5,00;0,00;0,00;0,00;5,00;0,00;0,00;0,00;0,00;0,00
2020-05-03;0,00;0,00;0,00;0,00;0,00;5,00;0,00;0,00;0,00;0,00;0,00;0,00;0,00;0,00;0,00;5,00;0,00;0,00;0,00;9,00;0,00;0,00;5,00;0,00;0,00;0,00;0,00;0,00;0,00;0,00;0,00;0,00;0,00;0,00;0,00;0,00;5,00;0,00;0,00;0,00;0,00;0,00
2020-05-10;5,00;0,00;5,00;10,00;5,00;0,00;0,00;0,00;0,00;0,00;0,00;5,00;10,00;0,00;0,00;0,00;0,00;0,00;0,00;17,50;0,00;0,00;0,00;0,00;0,00;0,00;0,00;0,00;0,00;0,00;0,00;0,00;0,00;0,00;0,00;0,00;0,00;0,00;0,00;0,00;0,00;0,00
2020-05-17;5,00;0,00;0,00;0,00;5,00;0,00;0,00;0,00;0,00;0,00;0,00;0,00;5,00;0,00;0,00;0,00;0,00;0,00;0,00;17,50;0,00;0,00;0,00;0,00;0,00;0,00;0,00;0,00;0,00;0,00;0,00;0,00;0,00;0,00;0,00;0,00;0,00;0,00;0,00;0,00;0,00;0,00
2020-05-24;5,00;0,00;5,00;0,00;5,00;0,00;0,00;0,00;0,00;0,00;0,00;5,00;17,50;0,00;0,00;0,00;5,00;0,00;0,00;17,50;0,00;0,00;0,00;0,00;0,00;0,00;0,00;0,00;0,00;0,00;0,00;0,00;5,00;0,00;0,00;0,00;0,00;0,00;0,00;0,00;0,00;0,00
2020-05-31;21,00;0,00;0,00;10,00;5,00;5,00;0,00;0,00;0,00;0,00;0,00;0,00;4,67;0,00;0,00;5,00;0,00;0,00;0,00;10,50;0,00;0,00;0,00;0,00;0,00;0,00;0,00;0,00;0,00;0,00;0,00;0,00;0,00;0,00;0,00;0,00;0,00;0,00;0,00;0,00;0,00;0,00
2020-06-07;5,00;0,00;5,00;15,00;0,00;0,00;0,00;5,00;0,00;0,00;0,00;0,00;35,00;0,00;0,00;0,00;5,00;0,00;0,00;42,50;0,00;0,00;0,00;0,00;5,00;0,00;0,00;0,00;0,00;0,00;0,00;0,00;0,00;5,00;0,00;0,00;0,00;0,00;0,00;0,00;0,00;0,00
2020-06-14;21,00;0,00;11,00;0,00;0,00;5,00;0,00;0,00;0,00;0,00;0,00;0,00;39,67;0,00;0,00;11,00;0,00;0,00;0,00;31,50;0,00;0,00;0,00;0,00;0,00;0,00;0,00;0,00;0,00;0,00;0,00;0,00;0,00;0,00;0,00;0,00;0,00;0,00;0,00;0,00;0,00;0,00
2020-06-21;17,00;0,00;0,00;11,00;0,00;11,00;0,00;0,00;0,00;0,00;0,00;0,00;24,29;0,00;0,00;6,00;6,00;0,00;0,00;34,00;0,00;0,00;0,00;0,00;0,00;6,00;0,00;6,00;0,00;6,00;0,00;6,00;0,00;0,00;0,00;0,00;0,00;0,00;0,00;0,00;0,00;0,00
2020-06-28;22,00;0,00;5,00;5,00;0,00;0,00;0,00;5,00;0,00;0,00;4,40;0,00;15,40;5,00;0,00;5,00;0,00;0,00;0,00;39,60;0,00;0,00;5,00;0,00;0,00;0,00;0,00;0,00;0,00;0,00;5,00;0,00;5,00;0,00;0,00;0,00;0,00;0,00;0,00;0,00;0,00;0,00
2020-07-05;17,00;0,00;11,00;11,00;0,00;0,00;0,00;0,00;0,00;0,00;0,00;0,00;36,43;0,00;0,00;6,00;0,00;6,38;0,00;74,38;0,00;0,00;6,00;6,00;0,00;6,00;0,00;11,00;0,00;0,00;0,00;0,00;0,00;0,00;0,00;0,00;0,00;0,00;0,00;0,00;0,00;0,00
2020-07-12;40,00;6,00;0,00;17,00;0,00;0,00;6,00;11,00;0,00;0,00;0,00;0,00;23,53;6,00;0,00;11,00;6,00;0,00;0,00;56,84;0,00;0,00;11,00;0,00;0,00;0,00;0,00;0,00;0,00;0,00;0,00;0,00;11,00;0,00;0,00;0,00;0,00;0,00;6,00;0,00;0,00;0,00
2020-07-19;40,00;0,00;6,00;12,00;0,00;6,00;6,00;0,00;0,00;0,00;0,00;11,11;11,11;0,00;0,00;6,00;0,00;0,00;0,00;29,47;0,00;0,00;0,00;0,00;6,00;0,00;0,00;0,00;0,00;0,00;0,00;0,00;6,00;0,00;0,00;0,00;0,00;0,00;0,00;0,00;0,00;0,00
2020-07-26;35,00;0,00;0,00;12,00;0,00;6,00;0,00;6,00;0,00;0,00;0,00;0,00;18,67;6,00;0,00;6,00;6,00;0,00;0,00;72,19;0,00;0,00;0,00;0,00;0,00;0,00;0,00;6,00;6,00;6,00;0,00;6,00;6,00;0,00;0,00;0,00;0,00;0,00;0,00;0,00;0,00;0,00
2020-08-02;47,00;6,00;6,00;18,00;23,00;0,00;0,00;6,00;0,00;0,00;0,00;6,71;6,71;0,00;0,00;0,00;6,00;6,41;0,00;29,91;0,00;0,00;0,00;0,00;0,00;0,00;0,00;0,00;0,00;0,00;6,00;0,00;0,00;0,00;0,00;0,00;0,00;0,00;0,00;0,00;0,00;0,00
2020-08-09;100,00;0,00;6,00;25,00;0,00;0,00;0,00;0,00;0,00;0,00;0,00;0,00;31,82;0,00;0,00;6,00;19,00;6,38;0,00;63,83;0,00;0,00;0,00;0,00;0,00;0,00;0,00;6,00;0,00;0,00;6,00;0,00;6,00;0,00;0,00;0,00;0,00;0,00;0,00;0,00;0,00;0,00
2020-08-16;43,00;6,00;12,00;6,00;0,00;0,00;0,00;6,00;0,00;6,79;0,00;6,79;18,11;0,00;0,00;12,00;6,00;0,00;0,00;62,35;0,00;6,00;0,00;0,00;6,00;0,00;0,00;0,00;6,00;6,00;6,00;0,00;0,00;0,00;0,00;0,00;0,00;0,00;0,00;0,00;0,00;0,00
2020-08-23;17,00;0,00;6,00;6,00;6,00;17,00;0,00;6,00;0,00;6,38;0,00;0,00;31,88;0,00;0,00;0,00;0,00;6,38;6,38;46,75;0,00;0,00;0,00;0,00;6,00;0,00;0,00;0,00;0,00;6,00;0,00;0,00;6,00;0,00;0,00;0,00;0,00;0,00;0,00;0,00;0,00;0,00
2020-08-30;33,00;0,00;6,00;17,00;0,00;11,00;6,00;6,00;0,00;0,00;0,00;11,00;33,00;0,00;0,00;0,00;0,00;0,00;0,00;37,13;0,00;0,00;0,00;0,00;6,00;0,00;0,00;0,00;0,00;0,00;11,00;0,00;17,00;6,00;0,00;6,00;0,00;0,00;0,00;0,00;0,00;0,00
2020-09-06;22,00;0,00;0,00;11,00;5,00;0,00;0,00;0,00;0,00;0,00;0,00;0,00;22,00;0,00;0,00;5,00;6,00;0,00;0,00;35,20;0,00;0,00;11,00;6,00;0,00;0,00;0,00;0,00;0,00;6,00;0,00;0,00;6,00;0,00;0,00;0,00;0,00;0,00;0,00;0,00;0,00;0,00
2020-09-13;0,00;0,00;0,00;11,00;0,00;0,00;0,00;0,00;0,00;0,00;0,00;0,00;5,00;5,00;0,00;0,00;0,00;0,00;0,00;31,00;0,00;0,00;0,00;0,00;0,00;0,00;0,00;5,00;5,00;0,00;0,00;0,00;0,00;0,00;0,00;0,00;0,00;0,00;0,00;0,00;0,00;0,00
2020-09-20;26,00;0,00;0,00;0,00;5,00;5,00;0,00;0,00;0,00;0,00;0,00;0,00;4,73;0,00;0,00;0,00;5,00;0,00;0,00;32,50;0,00;0,00;5,00;0,00;0,00;0,00;0,00;0,00;0,00;0,00;0,00;0,00;5,00;0,00;0,00;0,00;0,00;0,00;0,00;0,00;0,00;0,00
2020-09-27;11,00;5,00;0,00;5,00;0,00;0,00;0,00;0,00;0,00;0,00;0,00;4,40;11,00;0,00;0,00;5,00;5,00;6,60;0,00;22,00;0,00;0,00;0,00;0,00;5,00;0,00;0,00;0,00;0,00;0,00;0,00;0,00;6,00;0,00;0,00;0,00;0,00;0,00;0,00;0,00;0,00;0,00
2020-10-04;11,00;0,00;0,00;0,00;0,00;0,00;0,00;0,00;0,00;0,00;0,00;0,00;4,40;0,00;0,00;6,00;0,00;0,00;0,00;28,60;0,00;0,00;0,00;0,00;0,00;0,00;0,00;0,00;0,00;0,00;6,00;0,00;6,00;0,00;0,00;0,00;0,00;0,00;0,00;0,00;0,00;0,00
2020-10-11;17,00;0,00;0,00;0,00;0,00;6,00;0,00;6,00;0,00;6,38;0,00;0,00;6,38;0,00;0,00;0,00;6,00;0,00;0,00;34,00;0,00;0,00;0,00;0,00;0,00;0,00;0,00;0,00;0,00;0,00;0,00;0,00;0,00;0,00;0,00;0,00;0,00;0,00;0,00;0,00;0,00;0,00
2020-10-18;17,00;0,00;6,00;6,00;0,00;6,00;0,00;0,00;0,00;0,00;0,00;0,00;10,63;0,00;0,00;6,00;0,00;0,00;0,00;29,75;0,00;0,00;0,00;0,00;0,00;6,00;0,00;0,00;0,00;0,00;0,00;0,00;0,00;6,00;0,00;0,00;6,00;0,00;0,00;0,00;0,00;0,00
2020-10-25;23,00;6,00;6,00;0,00;0,00;0,00;0,00;0,00;0,00;0,00;0,00;0,00;11,50;0,00;0,00;0,00;6,00;0,00;0,00;16,73;0,00;0,00;0,00;0,00;0,00;0,00;0,00;0,00;0,00;0,00;0,00;0,00;0,00;0,00;0,00;0,00;0,00;0,00;0,00;0,00;0,00;0,00
2020-11-01;5,00;0,00;0,00;5,00;5,00;5,00;5,00;0,00;0,00;0,00;0,00;0,00;22,50;0,00;0,00;0,00;0,00;0,00;0,00;8,33;0,00;0,00;0,00;0,00;0,00;0,00;0,00;0,00;0,00;0,00;0,00;0,00;0,00;0,00;0,00;0,00;0,00;0,00;0,00;0,00;0,00;0,00
2020-11-08;16,00;0,00;5,00;0,00;0,00;0,00;0,00;0,00;6,00;0,00;0,00;0,00;0,00;0,00;0,00;6,00;0,00;0,00;0,00;16,00;0,00;0,00;0,00;0,00;0,00;0,00;0,00;0,00;0,00;0,00;0,00;0,00;0,00;0,00;0,00;0,00;0,00;0,00;0,00;0,00;0,00;0,00
2020-11-15;0,00;5,00;5,00;5,00;0,00;0,00;0,00;0,00;0,00;0,00;0,00;0,00;10,00;0,00;0,00;0,00;0,00;0,00;0,00;13,00;0,00;0,00;0,00;0,00;0,00;0,00;0,00;0,00;0,00;0,00;0,00;0,00;0,00;0,00;0,00;0,00;0,00;0,00;0,00;0,00;0,00;0,00
2020-11-22;11,00;0,00;5,00;5,00;5,00;0,00;0,00;0,00;0,00;4,40;0,00;0,00;19,80;0,00;0,00;0,00;5,00;0,00;0,00;55,00;0,00;0,00;5,00;0,00;0,00;0,00;0,00;0,00;0,00;0,00;5,00;0,00;0,00;0,00;0,00;0,00;5,00;0,00;0,00;0,00;0,00;0,00
2020-11-29;5,00;0,00;0,00;0,00;11,00;0,00;0,00;0,00;0,00;0,00;0,00;0,00;17,50;0,00;0,00;5,00;0,00;0,00;0,00;55,00;0,00;0,00;5,00;0,00;0,00;0,00;0,00;0,00;5,00;5,00;0,00;0,00;0,00;0,00;0,00;0,00;5,00;0,00;0,00;0,00;0,00;0,00
2020-12-06;0,00;0,00;0,00;0,00;0,00;0,00;0,00;0,00;0,00;0,00;0,00;0,00;0,00;0,00;0,00;22,00;0,00;0,00;0,00;13,00;0,00;0,00;0,00;0,00;5,00;0,00;0,00;0,00;0,00;0,00;6,00;0,00;0,00;6,00;0,00;0,00;0,00;0,00;0,00;0,00;0,00;0,00
2020-12-13;11,00;0,00;0,00;6,00;0,00;0,00;0,00;0,00;0,00;0,00;0,00;0,00;26,40;0,00;0,00;0,00;0,00;0,00;0,00;57,20;0,00;0,00;11,00;0,00;0,00;0,00;0,00;0,00;6,00;0,00;0,00;0,00;0,00;0,00;0,00;0,00;0,00;0,00;0,00;0,00;0,00;0,00
2020-12-20;6,00;0,00;0,00;12,00;0,00;0,00;0,00;0,00;0,00;0,00;0,00;6,00;6,00;0,00;0,00;12,00;12,00;0,00;0,00;52,00;0,00;0,00;0,00;0,00;0,00;0,00;0,00;0,00;6,00;6,00;0,00;0,00;0,00;0,00;0,00;0,00;6,00;0,00;0,00;0,00;0,00;0,00
2020-12-27;12,00;0,00;12,00;6,00;0,00;0,00;0,00;0,00;6,00;0,00;0,00;0,00;26,40;0,00;0,00;18,00;0,00;0,00;0,00;56,00;0,00;0,00;0,00;0,00;0,00;0,00;0,00;0,00;0,00;0,00;0,00;0,00;0,00;0,00;0,00;0,00;6,00;0,00;0,00;0,00;0,00;0,00
2021-01-03;11,00;0,00;0,00;0,00;0,00;0,00;0,00;5,00;0,00;0,00;0,00;15,40;30,80;0,00;0,00;0,00;5,00;6,60;0,00;46,20;0,00;0,00;0,00;0,00;0,00;0,00;0,00;0,00;0,00;0,00;11,00;0,00;0,00;5,00;0,00;0,00;0,00;0,00;0,00;0,00;0,00;0,00
2021-01-10;0,00;6,00;0,00;11,00;0,00;0,00;0,00;0,00;0,00;0,00;0,00;2,00;5,00;50,00;0,00;6,00;0,00;0,00;0,00;29,00;0,00;0,00;0,00;0,00;6,00;0,00;0,00;0,00;6,00;6,00;0,00;0,00;6,00;0,00;0,00;0,00;6,00;0,00;0,00;0,00;0,00;0,00
2021-01-17;5,00;0,00;5,00;11,00;0,00;0,00;0,00;0,00;0,00;0,00;0,00;0,00;17,50;33,00;0,00;5,00;0,00;0,00;0,00;81,67;0,00;0,00;6,00;0,00;0,00;0,00;0,00;0,00;0,00;0,00;11,00;0,00;6,00;0,00;0,00;0,00;0,00;0,00;0,00;0,00;0,00;0,00
2021-01-24;11,00;0,00;0,00;0,00;6,00;0,00;0,00;0,00;0,00;4,40;0,00;0,00;4,40;6,00;0,00;0,00;0,00;0,00;0,00;46,20;0,00;0,00;0,00;0,00;0,00;0,00;0,00;0,00;0,00;0,00;0,00;0,00;6,00;0,00;0,00;0,00;0,00;6,00;0,00;0,00;0,00;0,00
2021-01-31;17,00;0,00;0,00;6,00;6,00;0,00;0,00;0,00;0,00;0,00;0,00;0,00;6,38;0,00;0,00;6,00;0,00;0,00;0,00;46,75;0,00;0,00;0,00;0,00;6,00;0,00;0,00;0,00;0,00;0,00;0,00;0,00;0,00;0,00;0,00;0,00;0,00;0,00;0,00;0,00;0,00;0,00
2021-02-07;17,00;0,00;0,00;0,00;0,00;0,00;0,00;0,00;0,00;12,14;0,00;0,00;24,29;0,00;0,00;6,00;0,00;6,38;0,00;48,88;0,00;0,00;0,00;0,00;0,00;0,00;0,00;0,00;0,00;0,00;0,00;0,00;0,00;0,00;0,00;0,00;0,00;0,00;0,00;0,00;0,00;0,00
2021-02-14;6,00;0,00;12,00;0,00;0,00;0,00;0,00;0,00;0,00;0,00;0,00;0,00;10,00;0,00;0,00;6,00;0,00;0,00;0,00;34,00;0,00;0,00;6,00;0,00;0,00;0,00;0,00;0,00;0,00;0,00;0,00;0,00;6,00;0,00;0,00;0,00;0,00;0,00;0,00;0,00;0,00;0,00
2021-02-21;12,00;0,00;0,00;6,00;0,00;0,00;0,00;0,00;0,00;0,00;0,00;0,00;31,20;0,00;0,00;0,00;0,00;0,00;0,00;45,60;0,00;0,00;0,00;0,00;0,00;0,00;0,00;0,00;0,00;6,00;0,00;0,00;0,00;0,00;0,00;0,00;6,00;0,00;0,00;0,00;0,00;0,00
2021-02-28;0,00;0,00;0,00;0,00;0,00;0,00;0,00;6,00;0,00;0,00;0,00;2,00;2,00;0,00;0,00;0,00;0,00;0,00;0,00;3,00;0,00;0,00;0,00;0,00;0,00;0,00;0,00;0,00;0,00;0,00;0,00;0,00;0,00;0,00;0,00;0,00;0,00;0,00;0,00;0,00;0,00;0,00
2021-03-07;0,00;0,00;0,00;0,00;0,00;0,00;0,00;11,00;0,00;0,00;0,00;0,00;0,00;0,00;0,00;6,00;0,00;0,00;0,00;8,00;0,00;0,00;0,00;0,00;0,00;0,00;0,00;0,00;0,00;0,00;0,00;0,00;0,00;0,00;0,00;0,00;0,00;0,00;0,00;0,00;0,00;0,00
2021-03-14;0,00;0,00;0,00;0,00;0,00;10,00;0,00;0,00;0,00;0,00;0,00;0,00;5,00;0,00;0,00;5,00;0,00;0,00;0,00;29,00;0,00;0,00;0,00;5,00;0,00;0,00;0,00;0,00;0,00;0,00;0,00;0,00;0,00;0,00;0,00;0,00;0,00;0,00;0,00;0,00;0,00;0,00
2021-03-21;0,00;0,00;0,00;11,00;0,00;0,00;0,00;0,00;0,00;0,00;0,00;0,00;5,00;6,00;0,00;6,00;6,00;0,00;0,00;11,00;0,00;0,00;0,00;0,00;0,00;0,00;0,00;0,00;0,00;0,00;0,00;0,00;0,00;0,00;0,00;0,00;0,00;0,00;0,00;0,00;0,00;0,00
2021-03-28;0,00;0,00;0,00;0,00;0,00;0,00;0,00;0,00;0,00;0,00;0,00;0,00;0,00;0,00;0,00;0,00;0,00;0,00;0,00;6,00;0,00;0,00;0,00;0,00;0,00;0,00;0,00;0,00;0,00;0,00;6,00;0,00;0,00;0,00;0,00;0,00;0,00;6,00;0,00;0,00;0,00;0,00
2021-04-04;12,00;0,00;0,00;6,00;0,00;6,00;0,00;0,00;0,00;0,00;0,00;0,00;7,20;0,00;0,00;6,00;6,00;6,00;0,00;16,00;0,00;0,00;0,00;0,00;0,00;0,00;0,00;0,00;0,00;0,00;0,00;0,00;0,00;0,00;0,00;0,00;0,00;0,00;0,00;0,00;0,00;0,00
2021-04-11;0,00;0,00;0,00;6,00;0,00;0,00;0,00;0,00;0,00;0,00;0,00;0,00;3,00;0,00;0,00;6,00;0,00;0,00;0,00;13,00;0,00;0,00;0,00;0,00;0,00;0,00;0,00;0,00;0,00;0,00;0,00;0,00;0,00;0,00;0,00;0,00;0,00;0,00;0,00;0,00;0,00;0,00
2021-04-18;0,00;0,00;6,00;6,00;0,00;0,00;0,00;0,00;0,00;0,00;0,00;3,00;5,00;0,00;0,00;0,00;0,00;0,00;0,00;5,00;0,00;0,00;0,00;0,00;0,00;0,00;0,00;0,00;0,00;0,00;0,00;0,00;11,00;0,00;0,00;0,00;0,00;0,00;0,00;0,00;0,00;0,00
2021-04-25;0,00;0,00;0,00;23,00;0,00;0,00;0,00;0,00;0,00;0,00;0,00;0,00;5,00;0,00;0,00;0,00;0,00;0,00;0,00;8,00;0,00;0,00;0,00;0,00;0,00;0,00;0,00;0,00;0,00;0,00;0,00;0,00;6,00;0,00;0,00;0,00;0,00;0,00;0,00;0,00;0,00;0,00
2021-05-02;12,00;0,00;6,00;6,00;0,00;0,00;0,00;0,00;0,00;0,00;0,00;0,00;7,20;0,00;0,00;0,00;0,00;0,00;0,00;6,00;0,00;0,00;0,00;0,00;0,00;0,00;0,00;0,00;0,00;0,00;0,00;0,00;0,00;0,00;0,00;0,00;6,00;0,00;0,00;0,00;0,00;0,00
2021-05-09;11,00;0,00;0,00;6,00;0,00;6,00;0,00;0,00;0,00;0,00;0,00;4,40;11,00;0,00;0,00;6,00;0,00;0,00;0,00;11,00;0,00;0,00;0,00;0,00;0,00;0,00;0,00;0,00;0,00;0,00;0,00;0,00;0,00;0,00;0,00;0,00;6,00;0,00;0,00;0,00;0,00;0,00
2021-05-16;17,00;0,00;0,00;23,00;6,00;0,00;0,00;0,00;0,00;0,00;0,00;6,38;17,00;0,00;0,00;0,00;0,00;0,00;0,00;23,38;0,00;0,00;0,00;0,00;0,00;0,00;0,00;0,00;0,00;0,00;0,00;0,00;0,00;0,00;0,00;0,00;0,00;0,00;0,00;0,00;0,00;0,00
2021-05-23;24,00;0,00;6,00;18,00;0,00;6,00;0,00;6,00;0,00;0,00;7,20;0,00;19,20;0,00;0,00;0,00;0,00;0,00;0,00;24,00;0,00;0,00;0,00;0,00;0,00;6,00;0,00;0,00;0,00;6,00;6,00;0,00;0,00;0,00;0,00;0,00;0,00;0,00;0,00;0,00;0,00;0,00
2021-05-30;6,00;0,00;6,00;18,00;0,00;0,00;0,00;0,00;0,00;0,00;0,00;0,00;10,00;0,00;0,00;0,00;0,00;0,00;0,00;40,00;0,00;0,00;6,00;0,00;0,00;0,00;0,00;0,00;0,00;0,00;0,00;0,00;0,00;0,00;0,00;0,00;6,00;0,00;0,00;0,00;0,00;0,00
2021-06-06;12,00;0,00;6,00;18,00;0,00;0,00;0,00;6,00;0,00;0,00;0,00;0,00;7,20;0,00;0,00;0,00;6,00;0,00;0,00;12,00;6,00;0,00;0,00;0,00;0,00;6,00;0,00;0,00;0,00;0,00;0,00;0,00;0,00;0,00;0,00;0,00;0,00;0,00;0,00;0,00;0,00;0,00
2021-06-13;0,00;0,00;0,00;12,00;0,00;0,00;0,00;6,00;0,00;0,00;0,00;0,00;0,00;0,00;0,00;6,00;0,00;0,00;0,00;15,00;0,00;0,00;0,00;0,00;0,00;0,00;0,00;0,00;0,00;0,00;0,00;0,00;0,00;6,00;0,00;0,00;0,00;0,00;0,00;0,00;0,00;0,00
2021-06-20;0,00;0,00;6,00;19,00;0,00;0,00;0,00;0,00;0,00;3,00;0,00;3,00;6,00;6,00;0,00;0,00;0,00;0,00;0,00;6,00;0,00;0,00;0,00;6,00;0,00;0,00;0,00;0,00;0,00;0,00;13,00;0,00;0,00;0,00;0,00;0,00;0,00;0,00;0,00;0,00;0,00;0,00
2021-06-27;19,00;0,00;13,00;25,00;0,00;13,00;0,00;0,00;0,00;0,00;0,00;0,00;19,00;0,00;6,00;6,00;0,00;0,00;0,00;19,00;0,00;0,00;0,00;6,00;0,00;0,00;0,00;0,00;0,00;0,00;0,00;0,00;19,00;0,00;0,00;0,00;0,00;0,00;0,00;0,00;0,00;0,00
2021-07-04;44,00;0,00;0,00;6,00;0,00;31,00;0,00;0,00;0,00;0,00;0,00;0,00;32,42;0,00;0,00;6,00;6,00;0,00;0,00;6,29;6,29;0,00;0,00;6,00;0,00;0,00;0,00;0,00;0,00;0,00;6,00;0,00;0,00;6,00;0,00;0,00;0,00;0,00;0,00;0,00;0,00;0,00
2021-07-11;12,00;0,00;12,00;24,00;0,00;0,00;0,00;6,00;0,00;0,00;0,00;0,00;19,20;6,00;0,00;0,00;12,00;0,00;0,00;40,00;0,00;0,00;0,00;0,00;0,00;0,00;0,00;0,00;6,00;6,00;6,00;0,00;0,00;0,00;0,00;0,00;0,00;0,00;0,00;0,00;0,00;0,00
2021-07-18;57,00;0,00;0,00;6,00;0,00;0,00;0,00;0,00;0,00;0,00;0,00;0,00;38,76;0,00;0,00;6,00;6,00;0,00;0,00;82,33;0,00;0,00;0,00;0,00;0,00;6,00;0,00;0,00;13,00;13,00;0,00;0,00;13,00;0,00;0,00;6,00;0,00;0,00;0,00;0,00;0,00;0,00
2021-07-25;12,00;0,00;0,00;25,00;0,00;0,00;0,00;0,00;0,00;0,00;0,00;0,00;7,20;0,00;0,00;6,00;31,00;0,00;0,00;76,00;6,00;0,00;0,00;6,00;6,00;0,00;0,00;0,00;6,00;0,00;12,00;0,00;6,00;6,00;0,00;0,00;6,00;0,00;0,00;0,00;0,00;0,00
2021-08-01;24,00;0,00;0,00;18,00;6,00;0,00;0,00;0,00;0,00;0,00;0,00;6,55;24,00;12,00;0,00;0,00;30,00;6,55;0,00;50,18;0,00;0,00;0,00;0,00;0,00;0,00;0,00;0,00;0,00;6,00;6,00;0,00;6,00;6,00;0,00;0,00;0,00;0,00;0,00;0,00;0,00;0,00
2021-08-08;61,00;0,00;7,00;20,00;0,00;7,00;0,00;7,00;0,00;0,00;0,00;13,56;13,56;0,00;0,00;13,00;0,00;6,54;0,00;54,46;0,00;0,00;0,00;0,00;7,00;0,00;0,00;0,00;0,00;0,00;14,00;7,00;14,00;0,00;0,00;0,00;0,00;0,00;0,00;0,00;0,00;0,00
2021-08-15;73,00;0,00;7,00;33,00;0,00;0,00;0,00;0,00;0,00;0,00;0,00;0,00;13,69;0,00;0,00;0,00;13,00;0,00;0,00;88,03;0,00;0,00;0,00;0,00;7,00;0,00;0,00;0,00;0,00;0,00;0,00;0,00;7,00;0,00;0,00;0,00;7,00;0,00;0,00;0,00;0,00;0,00
2021-08-22;45,00;0,00;0,00;6,00;0,00;0,00;0,00;0,00;6,00;0,00;0,00;0,00;6,75;0,00;0,00;0,00;6,00;0,00;0,00;38,57;0,00;6,00;0,00;0,00;0,00;0,00;0,00;0,00;0,00;0,00;0,00;6,00;13,00;6,00;0,00;0,00;6,00;0,00;0,00;0,00;0,00;0,00
2021-08-29;32,00;0,00;0,00;0,00;0,00;0,00;6,00;13,00;0,00;0,00;0,00;6,86;18,29;0,00;0,00;13,00;0,00;12,80;0,00;64,00;0,00;0,00;0,00;0,00;6,00;0,00;0,00;0,00;0,00;6,00;0,00;6,00;6,00;0,00;0,00;0,00;0,00;0,00;0,00;0,00;0,00;0,00
2021-09-05;13,00;0,00;6,00;0,00;6,00;0,00;0,00;6,00;0,00;0,00;0,00;6,50;30,33;6,00;0,00;0,00;6,00;0,00;0,00;39,00;0,00;0,00;0,00;0,00;0,00;0,00;0,00;0,00;0,00;0,00;0,00;0,00;6,00;0,00;0,00;0,00;0,00;0,00;0,00;0,00;0,00;0,00
2021-09-12;51,00;0,00;13,00;0,00;0,00;0,00;0,00;0,00;0,00;0,00;0,00;0,00;18,55;0,00;0,00;6,00;6,00;0,00;0,00;19,13;0,00;0,00;6,00;0,00;0,00;0,00;0,00;0,00;0,00;0,00;0,00;0,00;0,00;0,00;0,00;0,00;0,00;0,00;0,00;0,00;0,00;0,00
2021-09-19;0,00;0,00;13,00;6,00;0,00;0,00;0,00;7,00;0,00;0,00;0,00;0,00;6,00;0,00;0,00;0,00;0,00;0,00;0,00;21,00;0,00;0,00;0,00;0,00;0,00;0,00;0,00;0,00;0,00;0,00;0,00;0,00;7,00;0,00;0,00;0,00;0,00;0,00;0,00;0,00;0,00;0,00
2021-09-26;13,00;0,00;0,00;0,00;13,00;0,00;7,00;0,00;0,00;0,00;0,00;6,50;13,00;6,00;0,00;0,00;0,00;0,00;0,00;54,17;0,00;0,00;0,00;0,00;6,00;0,00;0,00;0,00;0,00;0,00;0,00;0,00;7,00;0,00;0,00;0,00;7,00;0,00;0,00;0,00;0,00;0,00
2021-10-03;19,00;0,00;0,00;14,00;5,00;0,00;0,00;5,00;0,00;0,00;0,00;4,75;19,00;0,00;0,00;0,00;0,00;0,00;0,00;57,00;0,00;0,00;10,00;0,00;5,00;0,00;0,00;0,00;0,00;0,00;0,00;0,00;0,00;0,00;0,00;5,00;0,00;0,00;0,00;0,00;0,00;0,00
2021-10-10;5,00;0,00;0,00;5,00;0,00;0,00;0,00;0,00;0,00;0,00;0,00;0,00;20,00;0,00;0,00;9,00;5,00;0,00;0,00;70,00;0,00;0,00;0,00;0,00;0,00;0,00;0,00;0,00;0,00;5,00;5,00;0,00;0,00;0,00;0,00;0,00;0,00;0,00;0,00;0,00;0,00;0,00
2021-10-17;27,00;4,00;0,00;9,00;4,00;5,00;0,00;5,00;5,00;0,00;0,00;0,00;18,00;0,00;0,00;4,00;18,00;0,00;0,00;66,46;0,00;0,00;9,00;0,00;0,00;0,00;0,00;0,00;0,00;0,00;13,00;0,00;14,00;0,00;0,00;0,00;0,00;4,00;0,00;0,00;0,00;0,00
2021-10-24;18,00;0,00;4,00;9,00;9,00;4,00;0,00;4,00;0,00;0,00;0,00;0,00;27,00;0,00;0,00;4,00;0,00;0,00;0,00;56,25;0,00;0,00;4,00;0,00;0,00;0,00;0,00;0,00;0,00;0,00;0,00;0,00;0,00;0,00;0,00;0,00;0,00;0,00;0,00;0,00;0,00;0,00
2021-10-31;23,00;0,00;0,00;5,00;0,00;9,00;0,00;0,00;0,00;0,00;0,00;4,60;32,20;0,00;0,00;0,00;0,00;0,00;0,00;102,45;0,00;0,00;0,00;0,00;0,00;0,00;0,00;5,00;0,00;0,00;5,00;0,00;5,00;5,00;0,00;0,00;5,00;0,00;0,00;0,00;0,00;0,00
2021-11-07;31,00;0,00;0,00;0,00;4,00;0,00;0,00;0,00;0,00;0,00;0,00;4,43;35,43;0,00;0,00;4,00;0,00;0,00;0,00;70,27;0,00;0,00;4,00;0,00;0,00;0,00;0,00;0,00;0,00;0,00;4,00;0,00;5,00;0,00;0,00;0,00;0,00;4,00;0,00;0,00;0,00;0,00
2021-11-14;36,00;4,00;0,00;4,00;0,00;9,00;0,00;0,00;4,00;0,00;0,00;0,00;31,50;0,00;0,00;9,00;0,00;0,00;0,00;84,71;0,00;0,00;4,00;0,00;4,00;4,00;0,00;0,00;4,00;0,00;0,00;4,00;0,00;0,00;0,00;0,00;0,00;0,00;0,00;0,00;0,00;0,00
2021-11-21;26,00;4,00;0,00;4,00;9,00;4,00;4,00;0,00;0,00;0,00;0,00;9,45;30,73;0,00;0,00;4,00;0,00;0,00;0,00;39,00;4,33;0,00;4,00;0,00;0,00;0,00;0,00;0,00;0,00;0,00;0,00;0,00;9,00;0,00;0,00;0,00;0,00;0,00;0,00;0,00;0,00;0,00
2021-11-28;44,00;9,00;0,00;13,00;0,00;9,00;0,00;0,00;0,00;0,00;0,00;4,40;30,80;0,00;0,00;18,00;0,00;0,00;0,00;104,76;0,00;0,00;0,00;0,00;4,00;0,00;0,00;0,00;0,00;9,00;0,00;0,00;0,00;0,00;0,00;4,00;0,00;0,00;0,00;0,00;0,00;0,00
2021-12-05;56,00;0,00;5,00;5,00;0,00;0,00;5,00;0,00;0,00;0,00;0,00;0,00;22,40;0,00;0,00;0,00;0,00;0,00;0,00;215,38;0,00;0,00;5,00;0,00;5,00;0,00;0,00;0,00;5,00;5,00;0,00;9,00;0,00;0,00;0,00;0,00;5,00;0,00;0,00;0,00;0,00;0,00
2021-12-12;20,00;0,00;0,00;0,00;5,00;0,00;5,00;0,00;0,00;0,00;0,00;4,44;15,56;0,00;0,00;10,00;0,00;4,44;0,00;100,00;0,00;0,00;5,00;0,00;0,00;0,00;0,00;0,00;10,00;5,00;15,00;5,00;0,00;0,00;0,00;0,00;0,00;0,00;0,00;0,00;0,00;0,00
2021-12-19;12,00;0,00;6,00;12,00;6,00;0,00;0,00;0,00;0,00;0,00;0,00;0,00;0,00;0,00;6,00;0,00;0,00;0,00;0,00;92,00;0,00;0,00;6,00;0,00;0,00;0,00;6,00;6,00;18,00;0,00;0,00;0,00;0,00;0,00;0,00;0,00;0,00;0,00;0,00;0,00;0,00;0,00
2021-12-26;62,00;7,00;0,00;21,00;21,00;0,00;0,00;7,00;0,00;0,00;0,00;0,00;55,11;0,00;0,00;34,00;0,00;0,00;0,00;145,38;0,00;0,00;7,00;0,00;0,00;0,00;0,00;0,00;0,00;7,00;0,00;0,00;7,00;0,00;0,00;0,00;7,00;0,00;0,00;0,00;0,00;0,00
