Semaine;Chamonix (FR);Val Thorens (FR);Alpe d Huez (FR);Les Deux Alpes (FR);Ischgl (AT);Tignes (FR);Les Arcs (FR);Saalbach (AT);Les Ménuires (FR);Avoriaz (FR);La Plagne (FR);Sankt Anton (AT);Zermatt (CH);Flachau (AT);La Clusaz (FR);Verbier (CH);Zillertal (AT);Morzine (FR);Châtel (FR);St Moritz (DE);Les Gets (FR);Val Cenis (FR);Courchevel (FR);Mayrhofen (AT);Val Gardena (IT);Serre Chevalier (FR);Samoëns (FR);Valloire (FR);Méribel (FR);Val d Isère (FR);Megève (FR);Kitzbuhel (AT);Vars (FR);Garmisch (DE);Schladming (AT);Grand Bornand (FR);Brixental (AT);Sestriere (IT);Gstaad (CH);Font Romeu (FR);St Lary (FR);Barèges (FR);La Mongie (FR);Peyragudes (FR)
2019-01-06;57,00;119,70;45,60;28,50;176,70;12,21;28,50;407,14;0,00;13,41;13,41;291,71;30,18;282,00;15,00;15,00;114,00;58,16;13,96;13,96;13,96;0,00;28,00;28,00;14,00;0,00;0,00;14,00;0,00;0,00;14,00;28,00;0,00;28,50;28,50;0,00;158,33;0,00;0,00;0,00;0,00;0,00;0,00;0,00
2019-01-13;42,00;105,00;78,75;68,25;94,50;12,60;42,00;298,20;54,60;29,08;29,08;96,92;54,92;165,00;0,00;27,00;84,00;14,00;14,00;14,00;28,00;28,00;0,00;69,00;0,00;0,00;0,00;0,00;14,00;28,00;0,00;28,00;0,00;14,00;14,00;14,00;110,44;0,00;14,00;0,00;0,00;0,00;0,00;0,00
2019-01-20;27,00;54,00;64,80;81,00;91,80;11,57;27,00;138,86;0,00;13,50;40,50;70,88;57,38;120,00;12,00;54,00;66,00;0,00;27,00;13,50;13,50;0,00;40,00;27,00;13,00;0,00;0,00;0,00;14,00;0,00;0,00;14,00;0,00;14,29;0,00;14,29;27,00;0,00;0,00;0,00;0,00;0,00;0,00;0,00
2019-01-27;41,00;35,88;51,25;41,00;76,88;53,30;28,70;287,00;28,70;25,23;12,62;78,85;12,62;79,07;0,00;14,64;79,07;13,67;13,67;13,67;13,67;0,00;0,00;95,00;0,00;0,00;0,00;0,00;0,00;0,00;0,00;27,00;0,00;41,00;14,19;0,00;0,00;0,00;0,00;0,00;0,00;0,00;0,00;0,00
2019-02-03;14,00;14,00;60,67;37,33;60,67;14,00;14,00;238,00;0,00;14,00;45,50;105,00;14,00;196,00;0,00;0,00;78,40;0,00;43,17;0,00;0,00;0,00;0,00;42,00;0,00;14,00;14,00;14,00;0,00;0,00;0,00;28,00;0,00;14,00;14,00;0,00;28,00;0,00;0,00;0,00;0,00;0,00;0,00;0,00
2019-02-10;29,00;75,40;63,80;29,00;121,80;29,00;12,43;273,43;0,00;12,89;41,89;83,78;58,00;322,22;16,11;0,00;122,44;0,00;15,08;29,00;0,00;0,00;0,00;43,00;14,00;0,00;0,00;0,00;0,00;0,00;14,00;29,00;0,00;14,50;14,50;14,50;29,00;0,00;0,00;0,00;0,00;0,00;0,00;0,00
2019-02-17;15,00;40,00;40,00;25,00;55,00;15,00;0,00;202,50;15,00;0,00;15,00;81,00;15,00;147,00;0,00;30,00;45,00;0,00;30,00;30,00;15,00;0,00;0,00;58,00;0,00;0,00;0,00;0,00;15,00;0,00;0,00;0,00;0,00;15,00;31,67;15,00;141,67;0,00;0,00;0,00;0,00;0,00;0,00;0,00
2019-02-24;29,00;46,40;75,40;63,80;92,80;29,00;12,43;232,00;29,00;0,00;12,89;128,89;41,89;208,80;0,00;29,00;69,60;15,08;29,00;15,08;15,08;29,00;0,00;57,00;0,00;0,00;0,00;14,00;0,00;0,00;14,00;29,00;0,00;0,00;14,50;0,00;29,00;0,00;0,00;0,00;14,00;0,00;0,00;0,00
2019-03-03;86,00;86,00;69,88;43,00;53,75;28,67;28,67;114,67;12,29;59,54;13,23;145,54;13,23;205,79;15,36;15,36;73,71;0,00;0,00;14,91;14,91;14,00;0,00;0,00;0,00;0,00;29,00;14,00;14,00;0,00;0,00;0,00;0,00;14,07;0,00;0,00;28,15;29,00;0,00;0,00;0,00;0,00;0,00;0,00
2019-03-10;42,00;52,50;68,25;15,75;120,75;0,00;0,00;172,20;0,00;0,00;29,08;113,08;12,92;69,00;27,00;15,00;57,00;0,00;28,38;0,00;0,00;14,00;0,00;42,00;0,00;14,00;0,00;0,00;0,00;0,00;0,00;28,00;0,00;0,00;14,00;0,00;0,00;0,00;0,00;0,00;0,00;0,00;0,00;0,00
2019-03-17;14,00;14,00;74,67;14,00;46,67;14,00;14,00;177,33;32,67;14,00;31,50;77,00;77,00;53,20;0,00;14,00;14,00;0,00;0,00;0,00;14,00;0,00;0,00;0,00;0,00;0,00;0,00;0,00;0,00;0,00;0,00;0,00;0,00;0,00;0,00;0,00;0,00;0,00;28,00;0,00;0,00;0,00;0,00;0,00
2019-03-24;0,00;3,00;3,00;3,00;19,00;0,00;0,00;18,00;0,00;4,00;4,00;36,00;22,00;15,00;0,00;5,00;5,00;0,00;13,00;13,00;0,00;0,00;0,00;29,00;0,00;0,00;0,00;0,00;0,00;0,00;0,00;15,00;0,00;9,00;19,00;0,00;0,00;0,00;0,00;0,00;0,00;0,00;0,00;0,00
2019-03-31;0,00;16,00;3,00;5,00;3,00;3,00;0,00;0,00;0,00;0,00;0,00;26,00;0,00;9,00;0,00;0,00;28,00;0,00;12,00;12,00;0,00;0,00;14,00;0,00;0,00;0,00;0,00;0,00;0,00;0,00;0,00;14,00;0,00;0,00;0,00;0,00;9,00;0,00;0,00;0,00;0,00;0,00;0,00;0,00
2019-04-07;14,00;14,00;23,33;0,00;23,33;14,00;0,00;46,67;0,00;0,00;14,00;14,00;31,50;53,20;0,00;0,00;14,00;0,00;0,00;14,00;0,00;0,00;0,00;14,00;0,00;0,00;0,00;0,00;0,00;0,00;0,00;0,00;0,00;0,00;0,00;0,00;28,00;0,00;0,00;0,00;0,00;0,00;0,00;0,00
2019-04-14;0,00;5,00;27,00;0,00;8,00;4,00;0,00;0,00;0,00;0,00;4,00;9,00;4,00;5,00;0,00;0,00;10,00;0,00;0,00;13,00;0,00;14,00;0,00;0,00;14,00;0,00;0,00;0,00;0,00;0,00;0,00;0,00;0,00;0,00;9,00;0,00;0,00;0,00;0,00;0,00;0,00;0,00;0,00;0,00
2019-04-21;0,00;19,00;11,00;0,00;5,00;7,00;0,00;7,00;4,00;0,00;5,00;9,00;5,00;0,00;0,00;0,00;0,00;0,00;0,00;0,00;0,00;0,00;0,00;15,00;15,00;15,00;0,00;0,00;0,00;0,00;0,00;0,00;0,00;9,00;19,00;0,00;0,00;0,00;0,00;0,00;0,00;0,00;0,00;0,00
2019-04-28;14,00;23,33;23,33;14,00;23,33;0,00;32,67;79,33;0,00;0,00;0,00;0,00;0,00;39,20;14,00;0,00;14,00;0,00;0,00;0,00;14,00;0,00;0,00;27,00;0,00;0,00;0,00;14,00;0,00;0,00;0,00;0,00;0,00;0,00;14,00;0,00;14,00;0,00;0,00;14,00;0,00;0,00;0,00;0,00
2019-05-05;28,00;16,80;84,00;0,00;0,00;0,00;0,00;52,00;12,00;0,00;0,00;12,44;0,00;87,11;0,00;0,00;15,56;0,00;0,00;14,00;0,00;0,00;0,00;28,00;0,00;0,00;0,00;0,00;0,00;0,00;0,00;0,00;0,00;0,00;14,00;0,00;14,00;0,00;0,00;0,00;0,00;0,00;0,00;0,00
2019-05-12;0,00;0,00;15,00;3,00;0,00;0,00;0,00;10,00;0,00;0,00;0,00;9,00;0,00;18,00;0,00;5,00;0,00;0,00;0,00;0,00;0,00;0,00;14,00;14,00;0,00;0,00;0,00;0,00;14,00;0,00;0,00;0,00;0,00;0,00;0,00;0,00;0,00;0,00;14,00;0,00;0,00;0,00;0,00;0,00
2019-05-19;14,00;35,00;105,00;14,00;14,00;0,00;0,00;14,00;0,00;0,00;0,00;0,00;0,00;14,00;0,00;0,00;0,00;0,00;0,00;0,00;0,00;0,00;0,00;27,00;0,00;0,00;0,00;0,00;0,00;0,00;0,00;14,00;0,00;0,00;0,00;0,00;0,00;0,00;0,00;0,00;0,00;0,00;0,00;0,00
2019-05-26;14,00;0,00;280,00;14,00;35,00;0,00;0,00;60,67;0,00;0,00;0,00;0,00;0,00;14,00;14,00;0,00;14,00;0,00;0,00;14,00;0,00;0,00;0,00;0,00;0,00;0,00;0,00;0,00;0,00;0,00;0,00;0,00;0,00;0,00;0,00;0,00;14,00;0,00;0,00;0,00;0,00;0,00;0,00;0,00
2019-06-02;26,00;0,00;234,00;0,00;26,00;0,00;0,00;26,00;13,00;0,00;0,00;0,00;26,00;0,00;0,00;0,00;11,56;0,00;12,43;0,00;0,00;0,00;0,00;13,00;13,00;0,00;0,00;0,00;0,00;0,00;0,00;0,00;0,00;0,00;12,24;0,00;0,00;0,00;0,00;0,00;0,00;0,00;0,00;0,00
2019-06-09;13,00;0,00;162,50;0,00;32,50;0,00;0,00;56,33;13,00;0,00;0,00;39,00;13,00;42,25;0,00;13,00;0,00;37,92;13,00;13,00;13,00;0,00;13,00;13,00;0,00;13,00;0,00;0,00;0,00;0,00;0,00;0,00;0,00;0,00;13,00;0,00;0,00;0,00;0,00;0,00;0,00;0,00;0,00;0,00
2019-06-16;40,00;0,00;40,00;0,00;11,43;12,00;0,00;12,00;0,00;0,00;0,00;13,33;26,67;0,00;0,00;0,00;12,31;0,00;0,00;0,00;0,00;13,00;0,00;13,00;0,00;0,00;0,00;0,00;0,00;0,00;13,00;0,00;0,00;0,00;0,00;0,00;0,00;0,00;0,00;0,00;0,00;0,00;0,00;0,00
2019-06-23;14,00;0,00;46,67;0,00;23,33;0,00;0,00;60,67;14,00;14,00;0,00;14,00;45,50;14,00;0,00;14,00;25,20;14,00;0,00;14,00;0,00;0,00;0,00;14,00;14,00;0,00;0,00;0,00;0,00;0,00;0,00;0,00;0,00;0,00;0,00;0,00;14,00;0,00;0,00;0,00;0,00;0,00;0,00;0,00
2019-06-30;14,00;14,00;70,00;0,00;0,00;0,00;0,00;46,67;0,00;0,00;14,00;45,50;14,00;39,20;0,00;50,40;0,00;0,00;0,00;0,00;14,00;0,00;0,00;14,00;0,00;0,00;0,00;0,00;0,00;0,00;0,00;14,00;0,00;14,00;14,00;0,00;14,00;0,00;0,00;0,00;0,00;0,00;0,00;0,00
2019-07-07;14,00;0,00;49,00;0,00;14,00;14,00;0,00;79,33;0,00;0,00;14,00;0,00;28,00;94,50;0,00;31,50;63,00;0,00;14,00;0,00;14,00;0,00;0,00;0,00;14,00;0,00;0,00;0,00;0,00;0,00;0,00;0,00;0,00;0,00;0,00;0,00;0,00;0,00;0,00;0,00;0,00;0,00;0,00;0,00
2019-07-14;29,00;0,00;63,80;0,00;17,40;29,00;0,00;58,00;29,00;0,00;0,00;29,00;0,00;55,10;14,50;0,00;95,70;0,00;15,08;44,08;15,08;0,00;0,00;14,00;0,00;0,00;0,00;0,00;29,00;0,00;14,00;14,00;0,00;14,50;14,50;0,00;0,00;0,00;0,00;14,00;0,00;0,00;0,00;0,00
2019-07-21;30,00;70,00;40,00;30,00;15,00;47,14;0,00;47,14;0,00;0,00;16,67;16,67;30,00;0,00;0,00;0,00;30,00;14,44;0,00;0,00;14,44;0,00;0,00;30,00;15,00;15,00;15,00;15,00;0,00;0,00;0,00;0,00;0,00;0,00;15,00;0,00;0,00;0,00;0,00;0,00;0,00;0,00;0,00;0,00
2019-07-28;15,00;0,00;30,00;0,00;30,00;26,25;15,00;56,25;0,00;0,00;0,00;27,00;42,00;90,00;0,00;0,00;15,00;30,00;0,00;0,00;0,00;0,00;0,00;30,00;0,00;0,00;15,00;0,00;0,00;0,00;0,00;45,00;0,00;0,00;28,50;0,00;15,00;0,00;0,00;0,00;0,00;0,00;0,00;0,00
2019-08-04;30,00;15,00;0,00;30,00;55,00;17,14;0,00;77,14;0,00;0,00;0,00;0,00;16,67;60,00;0,00;0,00;60,00;0,00;0,00;15,00;0,00;0,00;0,00;30,00;0,00;0,00;0,00;0,00;0,00;0,00;0,00;0,00;0,00;15,79;45,79;0,00;45,79;0,00;0,00;15,00;0,00;0,00;0,00;0,00
2019-08-11;58,00;26,36;15,82;0,00;26,36;12,43;0,00;128,43;12,43;29,00;0,00;58,00;12,89;58,00;0,00;15,26;58,00;0,00;15,08;0,00;0,00;0,00;0,00;0,00;29,00;0,00;0,00;0,00;0,00;0,00;0,00;0,00;0,00;0,00;0,00;14,11;0,00;0,00;0,00;0,00;0,00;0,00;0,00;0,00
2019-08-18;0,00;0,00;11,00;3,00;8,00;0,00;4,00;18,00;4,00;5,00;0,00;14,00;9,00;10,00;0,00;5,00;0,00;0,00;0,00;13,00;0,00;0,00;0,00;29,00;0,00;0,00;0,00;15,00;0,00;0,00;0,00;0,00;0,00;0,00;0,00;0,00;9,00;0,00;0,00;0,00;0,00;0,00;0,00;0,00
2019-08-25;42,00;0,00;0,00;15,75;15,75;12,60;0,00;29,40;12,60;0,00;12,92;0,00;29,08;15,00;0,00;0,00;42,00;28,38;0,00;13,62;13,62;0,00;0,00;14,00;0,00;0,00;0,00;0,00;0,00;0,00;0,00;0,00;0,00;0,00;14,00;0,00;14,00;0,00;14,00;0,00;0,00;0,00;0,00;0,00
2019-09-01;0,00;7,00;0,00;2,00;2,00;0,00;0,00;23,00;3,00;4,00;0,00;20,00;4,00;4,00;0,00;4,00;0,00;0,00;0,00;0,00;0,00;0,00;0,00;40,00;0,00;0,00;13,00;13,00;0,00;0,00;0,00;13,00;0,00;0,00;9,00;0,00;9,00;0,00;0,00;0,00;0,00;0,00;0,00;0,00
2019-09-08;41,00;11,71;99,57;41,00;58,57;0,00;12,30;123,00;0,00;12,62;0,00;104,08;41,00;72,54;0,00;0,00;15,77;27,33;0,00;0,00;0,00;14,00;0,00;0,00;0,00;0,00;0,00;0,00;0,00;14,00;0,00;0,00;0,00;0,00;0,00;0,00;14,19;0,00;0,00;0,00;0,00;0,00;0,00;0,00
2019-09-15;0,00;5,00;17,00;2,00;10,00;3,00;0,00;20,00;7,00;0,00;0,00;17,00;8,00;27,00;4,00;4,00;4,00;12,00;12,00;12,00;24,00;13,00;0,00;27,00;0,00;0,00;0,00;0,00;27,00;0,00;13,00;13,00;0,00;0,00;0,00;0,00;0,00;0,00;0,00;0,00;0,00;0,00;0,00;0,00
2019-09-22;39,00;55,71;11,14;11,14;55,71;0,00;13,00;108,33;0,00;13,00;0,00;13,00;0,00;78,00;12,00;12,00;27,00;12,62;26,38;12,62;0,00;13,00;0,00;13,00;0,00;0,00;0,00;0,00;0,00;0,00;0,00;13,00;0,00;0,00;0,00;0,00;0,00;0,00;0,00;0,00;0,00;0,00;0,00;0,00
2019-09-29;39,00;27,86;50,14;27,86;11,14;0,00;0,00;39,00;13,00;0,00;0,00;65,00;13,00;63,00;0,00;0,00;39,00;12,62;51,62;26,38;12,62;13,00;0,00;39,00;0,00;13,00;0,00;13,00;0,00;0,00;0,00;13,00;13,00;0,00;0,00;0,00;39,00;0,00;13,00;0,00;0,00;0,00;0,00;0,00
2019-10-06;39,00;55,71;55,71;39,00;11,14;23,40;11,70;109,20;11,70;0,00;52,00;39,00;0,00;66,00;0,00;27,00;12,00;0,00;12,62;0,00;0,00;0,00;0,00;52,00;13,00;0,00;0,00;0,00;0,00;0,00;0,00;0,00;0,00;0,00;12,48;12,48;65,52;0,00;0,00;0,00;0,00;0,00;0,00;0,00
2019-10-13;26,00;0,00;36,40;26,00;52,00;0,00;13,00;69,33;0,00;0,00;26,00;78,00;65,00;37,56;0,00;0,00;63,56;0,00;0,00;26,00;13,57;0,00;0,00;26,00;0,00;0,00;0,00;0,00;13,00;0,00;0,00;13,00;0,00;0,00;0,00;0,00;26,00;0,00;0,00;0,00;0,00;0,00;0,00;0,00
2019-10-20;13,00;13,00;32,50;13,00;32,50;30,33;0,00;99,67;30,33;0,00;0,00;68,25;0,00;42,25;13,00;13,00;0,00;37,92;26,00;0,00;13,00;13,00;0,00;27,00;0,00;0,00;0,00;0,00;13,00;13,00;27,00;0,00;0,00;13,00;24,56;0,00;24,56;13,00;0,00;0,00;0,00;0,00;0,00;0,00
2019-10-27;13,00;45,50;13,00;65,00;45,50;0,00;39,00;69,33;26,00;13,00;13,00;39,00;13,00;126,75;13,00;13,00;84,50;13,00;13,00;0,00;13,00;0,00;13,00;0,00;0,00;0,00;0,00;0,00;0,00;0,00;13,00;0,00;0,00;13,00;0,00;0,00;53,63;0,00;0,00;13,00;0,00;0,00;0,00;0,00
2019-11-03;13,00;32,50;45,50;91,00;45,50;26,00;0,00;95,33;0,00;0,00;0,00;26,00;26,00;97,50;0,00;13,00;13,00;0,00;13,00;13,00;0,00;13,00;0,00;52,00;13,00;0,00;0,00;0,00;0,00;13,00;13,00;0,00;0,00;0,00;0,00;13,00;13,00;13,00;13,00;0,00;0,00;0,00;0,00;0,00
2019-11-10;13,00;13,00;65,00;13,00;78,00;13,00;0,00;138,67;43,33;0,00;65,00;78,00;39,00;84,50;0,00;0,00;29,25;27,18;0,00;0,00;13,00;0,00;0,00;52,00;13,00;0,00;0,00;0,00;0,00;0,00;26,00;39,00;0,00;13,00;13,00;0,00;0,00;0,00;0,00;0,00;0,00;0,00;0,00;0,00
2019-11-17;13,00;13,00;91,00;78,00;91,00;0,00;26,00;95,33;0,00;0,00;26,00;39,00;26,00;113,75;0,00;0,00;29,25;14,18;27,18;14,18;0,00;0,00;0,00;13,00;13,00;0,00;0,00;0,00;0,00;0,00;0,00;0,00;0,00;0,00;13,00;0,00;27,63;0,00;0,00;0,00;0,00;0,00;0,00;0,00
2019-11-24;25,00;60,00;45,00;10,00;60,00;0,00;37,50;62,50;12,50;12,50;12,50;71,88;25,00;118,75;0,00;0,00;40,63;25,00;0,00;12,50;0,00;0,00;0,00;25,00;0,00;0,00;0,00;0,00;0,00;0,00;0,00;13,00;0,00;12,50;12,50;0,00;37,50;0,00;0,00;0,00;0,00;0,00;0,00;0,00
2019-12-01;13,00;32,50;13,00;32,50;45,50;26,00;0,00;112,67;0,00;13,00;0,00;52,00;0,00;126,75;0,00;29,25;13,00;0,00;13,00;24,92;0,00;0,00;13,00;13,00;0,00;0,00;0,00;0,00;13,00;13,00;0,00;0,00;0,00;13,00;0,00;0,00;0,00;13,00;0,00;0,00;0,00;0,00;0,00;0,00
2019-12-08;52,00;52,00;36,40;98,80;114,40;12,00;24,00;128,00;40,00;13,00;52,00;91,00;39,00;52,00;12,24;0,00;39,76;12,43;0,00;26,00;12,43;0,00;0,00;39,00;0,00;13,00;13,00;0,00;0,00;0,00;0,00;13,00;0,00;12,24;0,00;12,24;38,24;0,00;0,00;0,00;0,00;0,00;0,00;0,00
2019-12-15;13,00;45,50;104,00;13,00;32,50;52,00;13,00;147,33;13,00;0,00;0,00;65,00;13,00;110,50;29,25;0,00;42,25;13,00;53,18;13,00;13,00;13,00;13,00;13,00;26,00;0,00;0,00;0,00;13,00;0,00;0,00;13,00;0,00;26,00;13,00;0,00;94,25;0,00;0,00;0,00;0,00;0,00;0,00;0,00
2019-12-22;0,00;8,00;5,00;10,00;16,00;3,00;17,00;42,00;10,00;4,00;0,00;52,00;9,00;42,00;0,00;5,00;28,00;12,00;25,00;87,00;25,00;0,00;0,00;14,00;0,00;0,00;0,00;14,00;0,00;0,00;0,00;43,00;14,00;18,00;9,00;0,00;36,00;0,00;14,00;0,00;0,00;0,00;0,00;0,00
2019-12-29;40,00;85,71;57,14;28,57;68,57;12,00;40,00;184,00;12,00;13,33;70,00;123,33;40,00;138,46;0,00;0,00;67,69;81,14;13,71;53,71;27,43;0,00;0,00;27,00;0,00;0,00;0,00;0,00;0,00;13,00;0,00;0,00;0,00;52,31;26,15;0,00;52,31;13,00;0,00;0,00;0,00;0,00;0,00;0,00
2020-01-05;38,00;76,00;86,86;38,00;135,71;50,67;0,00;194,22;0,00;0,00;38,00;123,50;38,00;237,50;12,67;25,33;66,50;12,67;38,00;25,33;25,33;13,00;0,00;63,00;0,00;13,00;0,00;13,00;0,00;0,00;0,00;13,00;0,00;38,00;38,00;0,00;25,33;13,00;0,00;0,00;0,00;0,00;0,00;0,00
2020-01-12;37,00;132,14;95,14;47,57;95,14;24,67;37,00;259,00;49,33;0,00;37,00;201,82;26,91;240,50;24,67;0,00;74,00;12,72;25,44;0,00;25,44;12,00;0,00;37,00;0,00;25,00;25,00;0,00;25,00;12,00;12,00;37,00;0,00;12,33;12,33;0,00;60,13;12,00;0,00;0,00;0,00;0,00;0,00;0,00
2020-01-19;25,00;80,00;70,00;70,00;105,00;50,00;12,50;187,50;37,50;25,00;25,00;118,75;34,38;115,63;0,00;0,00;128,13;0,00;25,00;25,00;0,00;0,00;0,00;0,00;0,00;0,00;0,00;12,00;0,00;0,00;0,00;62,00;0,00;12,50;25,00;0,00;37,50;0,00;0,00;0,00;12,00;0,00;0,00;0,00
2020-01-26;50,00;116,67;77,78;77,78;77,78;50,00;25,00;204,17;37,50;25,00;25,00;134,38;59,38;147,06;0,00;0,00;61,76;25,00;50,00;12,50;0,00;25,00;13,00;63,00;0,00;13,00;0,00;0,00;0,00;0,00;13,00;63,00;13,00;0,00;0,00;0,00;37,50;0,00;0,00;0,00;0,00;0,00;0,00;0,00
2020-02-02;50,00;11,11;38,89;27,78;88,89;25,00;12,50;241,67;25,00;40,00;40,00;130,00;40,00;123,53;0,00;23,53;50,00;12,50;12,50;12,50;12,50;12,00;12,00;62,00;0,00;0,00;13,00;0,00;38,00;13,00;0,00;25,00;0,00;12,50;37,50;12,50;25,00;13,00;0,00;0,00;0,00;0,00;0,00;0,00
2020-02-09;25,00;80,00;70,00;35,00;35,00;0,00;37,50;175,00;12,50;34,38;25,00;81,25;25,00;178,13;12,50;25,00;25,00;13,10;13,10;13,10;26,19;12,00;0,00;12,00;0,00;12,00;0,00;12,00;0,00;0,00;0,00;12,00;0,00;25,00;25,00;0,00;50,00;12,00;25,00;0,00;0,00;0,00;0,00;0,00
2020-02-16;38,00;38,00;65,14;76,00;86,86;63,33;12,67;270,22;12,67;12,67;0,00;110,83;47,50;278,67;12,67;25,33;66,50;38,00;0,00;12,67;12,67;0,00;13,00;25,00;0,00;0,00;0,00;0,00;0,00;0,00;0,00;50,00;0,00;0,00;25,33;12,67;38,00;0,00;25,00;13,00;0,00;0,00;0,00;0,00
2020-02-23;12,00;54,00;66,00;30,00;54,00;48,00;72,00;300,00;60,00;12,00;12,00;69,00;0,00;123,00;12,00;12,00;48,00;0,00;0,00;12,00;0,00;0,00;0,00;24,00;0,00;0,00;0,00;0,00;12,00;0,00;12,00;25,00;0,00;24,00;12,00;0,00;24,00;12,00;0,00;0,00;0,00;0,00;0,00;0,00
2020-03-01;12,00;54,00;132,00;12,00;144,00;36,00;36,00;272,00;36,00;12,00;21,00;123,00;45,00;84,00;12,00;24,00;48,00;34,91;22,91;0,00;0,00;0,00;0,00;36,00;12,00;0,00;12,00;0,00;12,00;0,00;12,00;24,00;0,00;0,00;0,00;0,00;22,50;24,00;0,00;0,00;0,00;0,00;0,00;0,00
2020-03-08;23,00;247,25;74,75;46,00;575,00;30,67;42,17;333,50;53,67;46,00;36,14;328,57;36,14;166,75;0,00;34,50;54,63;0,00;58,65;34,50;34,50;0,00;0,00;58,00;12,00;0,00;0,00;12,00;0,00;23,00;0,00;23,00;0,00;0,00;10,73;0,00;33,73;46,00;0,00;0,00;0,00;0,00;0,00;0,00
2020-03-15;12,00;42,00;42,00;12,00;186,00;12,00;0,00;48,00;24,00;0,00;0,00;21,00;33,00;72,00;0,00;0,00;12,00;0,00;0,00;12,00;0,00;0,00;0,00;12,00;0,00;0,00;0,00;0,00;24,00;0,00;0,00;0,00;0,00;0,00;12,00;0,00;0,00;0,00;0,00;0,00;0,00;0,00;0,00;0,00
2020-03-22;0,00;0,00;13,00;2,00;17,00;3,00;0,00;11,00;0,00;0,00;0,00;4,00;0,00;4,00;0,00;0,00;39,00;0,00;0,00;0,00;0,00;0,00;0,00;0,00;0,00;0,00;0,00;0,00;0,00;0,00;0,00;0,00;0,00;0,00;0,00;0,00;0,00;0,00;12,00;0,00;0,00;0,00;0,00;0,00
2020-03-29;11,00;0,00;11,00;0,00;44,00;11,00;0,00;29,33;0,00;0,00;0,00;11,00;11,00;22,00;0,00;0,00;11,00;0,00;0,00;0,00;11,00;0,00;0,00;11,00;0,00;0,00;0,00;0,00;0,00;0,00;0,00;11,00;0,00;11,00;0,00;0,00;0,00;0,00;0,00;0,00;0,00;0,00;0,00;0,00
2020-04-05;0,00;0,00;0,00;2,00;0,00;0,00;0,00;0,00;0,00;0,00;4,00;4,00;7,00;0,00;0,00;0,00;4,00;0,00;0,00;0,00;0,00;0,00;0,00;0,00;0,00;0,00;0,00;0,00;0,00;0,00;0,00;12,00;0,00;8,00;0,00;0,00;0,00;0,00;0,00;0,00;0,00;0,00;0,00;0,00
2020-04-12;0,00;2,00;4,00;2,00;4,00;0,00;0,00;6,00;3,00;0,00;0,00;4,00;0,00;4,00;0,00;0,00;0,00;0,00;0,00;0,00;0,00;0,00;0,00;0,00;0,00;0,00;0,00;0,00;0,00;0,00;0,00;0,00;0,00;0,00;0,00;0,00;0,00;0,00;0,00;0,00;0,00;0,00;0,00;0,00
2020-04-19;12,00;0,00;24,00;0,00;90,00;0,00;0,00;0,00;0,00;0,00;0,00;0,00;12,00;0,00;0,00;0,00;0,00;0,00;0,00;0,00;0,00;0,00;0,00;0,00;0,00;0,00;0,00;0,00;12,00;0,00;0,00;0,00;0,00;0,00;0,00;0,00;12,00;0,00;0,00;0,00;0,00;0,00;0,00;0,00
2020-04-26;0,00;0,00;4,00;0,00;2,00;0,00;0,00;0,00;0,00;4,00;0,00;7,00;4,00;8,00;0,00;0,00;0,00;0,00;0,00;0,00;0,00;0,00;0,00;0,00;0,00;0,00;0,00;11,00;0,00;0,00;0,00;0,00;0,00;0,00;0,00;0,00;0,00;0,00;0,00;0,00;0,00;0,00;0,00;0,00
2020-05-03;0,00;2,00;0,00;0,00;2,00;0,00;0,00;3,00;0,00;0,00;0,00;4,00;4,00;4,00;0,00;0,00;4,00;0,00;0,00;0,00;0,00;0,00;0,00;0,00;0,00;0,00;0,00;0,00;0,00;0,00;0,00;0,00;0,00;7,00;0,00;0,00;0,00;0,00;0,00;0,00;0,00;0,00;0,00;0,00
2020-05-10;11,00;0,00;33,00;0,00;0,00;0,00;0,00;29,33;0,00;0,00;0,00;0,00;11,00;22,00;0,00;0,00;0,00;0,00;0,00;11,00;0,00;0,00;0,00;0,00;0,00;0,00;0,00;0,00;11,00;0,00;0,00;0,00;0,00;0,00;0,00;0,00;0,00;0,00;0,00;0,00;0,00;0,00;0,00;0,00
2020-05-17;0,00;2,00;0,00;0,00;0,00;3,00;0,00;11,00;0,00;0,00;0,00;4,00;4,00;0,00;0,00;0,00;4,00;0,00;0,00;0,00;0,00;0,00;0,00;11,00;0,00;0,00;0,00;0,00;0,00;0,00;0,00;11,00;0,00;0,00;0,00;0,00;0,00;0,00;0,00;0,00;0,00;0,00;0,00;0,00
2020-05-24;23,00;0,00;0,00;0,00;0,00;0,00;0,00;11,50;0,00;0,00;0,00;32,86;0,00;0,00;0,00;0,00;0,00;0,00;0,00;11,50;0,00;0,00;0,00;11,00;0,00;0,00;0,00;0,00;0,00;0,00;0,00;0,00;0,00;10,73;10,73;0,00;0,00;0,00;0,00;0,00;0,00;0,00;0,00;0,00
2020-05-31;11,00;0,00;55,00;0,00;11,00;0,00;0,00;11,00;0,00;0,00;0,00;0,00;25,67;19,25;0,00;0,00;19,25;0,00;0,00;0,00;0,00;0,00;0,00;33,00;0,00;0,00;0,00;0,00;0,00;0,00;0,00;0,00;11,00;11,00;0,00;0,00;11,00;0,00;0,00;0,00;0,00;0,00;0,00;0,00
2020-06-07;11,00;11,00;22,00;11,00;0,00;11,00;0,00;18,33;0,00;11,00;0,00;25,67;25,67;19,25;0,00;0,00;38,50;20,90;0,00;0,00;0,00;0,00;0,00;22,00;0,00;0,00;0,00;0,00;0,00;0,00;0,00;0,00;0,00;0,00;0,00;0,00;11,00;0,00;0,00;0,00;0,00;0,00;0,00;0,00
2020-06-14;33,00;0,00;22,00;0,00;11,00;0,00;12,38;20,63;0,00;33,00;0,00;23,10;0,00;21,00;0,00;33,00;21,00;0,00;11,38;11,38;0,00;0,00;0,00;22,00;0,00;0,00;0,00;0,00;11,00;0,00;0,00;0,00;0,00;0,00;11,00;0,00;0,00;0,00;11,00;0,00;0,00;0,00;0,00;0,00
2020-06-21;11,00;22,00;11,00;0,00;22,00;0,00;0,00;62,33;11,00;0,00;11,00;0,00;0,00;41,25;0,00;11,00;11,00;0,00;0,00;0,00;0,00;0,00;0,00;23,00;0,00;0,00;0,00;0,00;0,00;0,00;0,00;0,00;0,00;11,00;0,00;0,00;11,00;0,00;11,00;0,00;0,00;0,00;0,00;0,00
2020-06-28;45,00;11,25;33,75;11,25;11,25;20,45;12,27;45,00;0,00;9,64;9,64;32,14;9,64;12,00;0,00;12,00;45,00;0,00;0,00;11,54;0,00;0,00;0,00;22,00;0,00;0,00;11,00;11,00;0,00;0,00;0,00;0,00;0,00;0,00;10,86;0,00;0,00;0,00;0,00;0,00;0,00;0,00;0,00;0,00
2020-07-05;0,00;0,00;8,00;0,00;4,00;0,00;3,00;8,00;0,00;0,00;0,00;0,00;7,00;8,00;4,00;4,00;8,00;0,00;0,00;10,00;10,00;12,00;0,00;23,00;0,00;0,00;0,00;0,00;0,00;0,00;0,00;23,00;0,00;0,00;15,00;0,00;7,00;0,00;0,00;0,00;0,00;0,00;0,00;0,00
2020-07-12;13,00;32,50;0,00;0,00;13,00;13,00;13,00;65,00;0,00;0,00;0,00;39,00;26,00;81,25;0,00;0,00;39,00;0,00;0,00;0,00;13,00;12,00;0,00;25,00;0,00;0,00;13,00;0,00;0,00;0,00;0,00;0,00;0,00;0,00;0,00;0,00;13,00;0,00;0,00;0,00;0,00;0,00;0,00;0,00
2020-07-19;13,00;13,00;32,50;32,50;58,50;0,00;0,00;82,33;0,00;0,00;0,00;26,00;0,00;13,00;0,00;42,25;55,25;0,00;13,00;0,00;0,00;0,00;0,00;51,00;0,00;0,00;0,00;0,00;0,00;0,00;0,00;25,00;0,00;13,00;0,00;0,00;26,00;0,00;0,00;0,00;0,00;0,00;0,00;0,00
2020-07-26;77,00;0,00;49,50;11,00;11,00;0,00;0,00;0,00;0,00;0,00;0,00;77,00;12,83;52,36;12,32;27,72;27,72;25,28;0,00;0,00;39,07;0,00;0,00;26,00;0,00;0,00;0,00;0,00;0,00;0,00;0,00;13,00;0,00;12,57;0,00;0,00;25,14;0,00;13,00;0,00;0,00;0,00;0,00;0,00
2020-08-02;39,00;11,14;11,14;11,14;11,14;23,40;0,00;50,70;0,00;13,00;0,00;26,00;52,00;27,00;12,00;0,00;39,00;0,00;12,62;26,38;0,00;0,00;13,00;26,00;0,00;0,00;0,00;0,00;13,00;0,00;0,00;26,00;0,00;26,52;12,48;0,00;26,52;0,00;0,00;0,00;0,00;0,00;0,00;0,00
2020-08-09;37,00;0,00;21,14;37,00;0,00;0,00;0,00;61,67;12,33;13,45;0,00;50,45;13,45;37,00;0,00;0,00;37,00;0,00;0,00;37,00;0,00;0,00;0,00;37,00;0,00;12,00;0,00;0,00;0,00;0,00;0,00;0,00;0,00;0,00;12,33;0,00;0,00;0,00;0,00;0,00;0,00;0,00;0,00;0,00
2020-08-16;25,00;0,00;25,00;10,00;35,00;12,50;0,00;50,00;0,00;0,00;0,00;34,38;34,38;78,13;0,00;0,00;25,00;0,00;0,00;0,00;0,00;0,00;0,00;12,00;0,00;0,00;0,00;0,00;0,00;0,00;0,00;12,00;0,00;12,50;12,50;0,00;0,00;0,00;0,00;0,00;0,00;0,00;0,00;0,00
2020-08-23;12,00;12,00;42,00;12,00;24,00;12,00;0,00;36,00;0,00;0,00;0,00;33,00;33,00;48,00;0,00;0,00;24,00;12,00;12,00;37,20;0,00;0,00;0,00;12,00;0,00;0,00;0,00;0,00;0,00;0,00;0,00;0,00;0,00;0,00;12,00;0,00;0,00;0,00;0,00;0,00;0,00;0,00;0,00;0,00
2020-08-30;59,00;10,73;21,45;10,73;21,45;0,00;12,64;37,93;37,93;0,00;13,11;22,94;49,17;11,80;0,00;0,00;23,60;0,00;0,00;11,35;0,00;0,00;0,00;35,00;0,00;0,00;0,00;0,00;0,00;0,00;0,00;12,00;0,00;0,00;0,00;0,00;0,00;0,00;0,00;0,00;0,00;0,00;0,00;0,00
2020-09-06;12,00;12,00;42,00;42,00;24,00;0,00;12,00;48,00;0,00;0,00;0,00;21,00;33,00;48,00;0,00;0,00;0,00;0,00;12,00;12,00;0,00;0,00;0,00;0,00;0,00;0,00;12,00;0,00;0,00;0,00;0,00;12,00;0,00;12,00;12,00;0,00;0,00;0,00;0,00;0,00;0,00;0,00;0,00;0,00
2020-09-13;24,00;0,00;54,00;12,00;0,00;0,00;0,00;24,00;0,00;12,00;24,00;45,00;0,00;24,00;12,00;24,00;24,00;0,00;0,00;0,00;12,57;0,00;0,00;24,00;0,00;0,00;0,00;0,00;49,00;0,00;0,00;0,00;0,00;12,00;0,00;0,00;12,00;0,00;0,00;0,00;0,00;0,00;0,00;0,00
2020-09-20;12,00;0,00;42,00;0,00;24,00;0,00;12,00;48,00;12,00;12,00;0,00;33,00;12,00;24,00;12,00;24,00;60,00;0,00;12,00;0,00;0,00;0,00;0,00;24,00;0,00;0,00;0,00;0,00;0,00;0,00;0,00;0,00;12,00;0,00;0,00;0,00;0,00;0,00;0,00;0,00;0,00;0,00;0,00;0,00
2020-09-27;24,00;12,00;24,00;12,00;24,00;0,00;0,00;60,00;0,00;0,00;0,00;13,71;13,71;36,00;0,00;0,00;12,00;0,00;24,00;12,57;0,00;0,00;0,00;0,00;12,00;0,00;0,00;12,00;12,00;0,00;0,00;0,00;0,00;24,00;12,00;0,00;24,00;0,00;0,00;0,00;0,00;0,00;0,00;0,00
2020-10-04;12,00;0,00;30,00;12,00;0,00;0,00;12,00;0,00;24,00;12,00;0,00;12,00;0,00;12,00;0,00;12,00;12,00;12,00;0,00;12,00;0,00;0,00;0,00;0,00;0,00;0,00;0,00;0,00;0,00;0,00;0,00;12,00;0,00;0,00;0,00;0,00;24,00;0,00;0,00;0,00;0,00;0,00;0,00;0,00
2020-10-11;0,00;2,00;2,00;0,00;5,00;3,00;3,00;0,00;3,00;4,00;0,00;4,00;4,00;13,00;0,00;9,00;9,00;0,00;0,00;12,00;0,00;0,00;0,00;13,00;0,00;0,00;0,00;0,00;0,00;0,00;0,00;0,00;0,00;0,00;0,00;0,00;8,00;0,00;0,00;0,00;0,00;0,00;0,00;0,00
2020-10-18;0,00;0,00;5,00;5,00;2,00;3,00;0,00;6,00;0,00;4,00;0,00;4,00;12,00;13,00;0,00;0,00;4,00;0,00;0,00;11,00;0,00;0,00;0,00;13,00;0,00;0,00;0,00;0,00;0,00;13,00;0,00;0,00;0,00;0,00;0,00;0,00;0,00;26,00;0,00;0,00;0,00;0,00;0,00;0,00
2020-10-25;0,00;0,00;2,00;0,00;2,00;3,00;0,00;9,00;0,00;0,00;0,00;8,00;0,00;4,00;0,00;4,00;0,00;11,00;0,00;0,00;0,00;0,00;0,00;13,00;0,00;0,00;0,00;0,00;0,00;0,00;0,00;0,00;0,00;0,00;0,00;0,00;8,00;0,00;0,00;0,00;0,00;0,00;0,00;0,00
2020-11-01;0,00;0,00;0,00;0,00;0,00;3,00;3,00;3,00;0,00;0,00;0,00;4,00;0,00;8,00;0,00;4,00;0,00;0,00;0,00;0,00;0,00;0,00;0,00;12,00;12,00;0,00;0,00;0,00;0,00;0,00;0,00;0,00;0,00;0,00;0,00;0,00;8,00;0,00;0,00;0,00;0,00;0,00;0,00;0,00
2020-11-08;25,00;0,00;25,00;0,00;10,00;0,00;0,00;0,00;0,00;0,00;0,00;0,00;25,00;40,63;0,00;0,00;25,00;0,00;0,00;0,00;0,00;0,00;0,00;0,00;0,00;0,00;0,00;0,00;0,00;0,00;0,00;0,00;0,00;0,00;0,00;0,00;25,00;0,00;0,00;0,00;0,00;0,00;0,00;0,00
2020-11-15;13,00;13,00;32,50;13,00;13,00;13,00;13,00;52,00;0,00;0,00;0,00;0,00;0,00;26,00;0,00;13,00;0,00;0,00;13,00;0,00;0,00;0,00;0,00;0,00;0,00;0,00;0,00;0,00;0,00;0,00;0,00;0,00;0,00;13,00;0,00;0,00;13,00;0,00;0,00;0,00;0,00;0,00;0,00;0,00
2020-11-22;0,00;0,00;2,00;0,00;5,00;3,00;0,00;3,00;0,00;4,00;0,00;0,00;4,00;12,00;0,00;8,00;4,00;0,00;11,00;0,00;11,00;0,00;0,00;12,00;0,00;0,00;0,00;0,00;0,00;0,00;0,00;12,00;0,00;0,00;8,00;0,00;8,00;0,00;0,00;0,00;0,00;0,00;0,00;0,00
2020-11-29;13,00;13,00;13,00;13,00;13,00;0,00;0,00;26,00;0,00;0,00;13,00;39,00;0,00;13,00;0,00;29,25;13,00;0,00;13,00;13,00;0,00;0,00;0,00;0,00;0,00;13,00;0,00;0,00;0,00;0,00;0,00;0,00;0,00;0,00;0,00;0,00;13,00;0,00;0,00;0,00;0,00;0,00;0,00;0,00
2020-12-06;0,00;2,00;5,00;0,00;5,00;0,00;0,00;3,00;3,00;4,00;0,00;4,00;12,00;4,00;0,00;0,00;9,00;11,00;0,00;11,00;11,00;0,00;0,00;26,00;0,00;0,00;0,00;0,00;0,00;0,00;0,00;0,00;0,00;0,00;0,00;0,00;17,00;0,00;0,00;0,00;0,00;0,00;0,00;0,00
2020-12-13;13,00;45,50;13,00;13,00;0,00;13,00;0,00;13,00;13,00;0,00;0,00;0,00;26,00;13,00;0,00;0,00;29,25;0,00;0,00;0,00;0,00;0,00;0,00;13,00;0,00;0,00;0,00;0,00;0,00;13,00;0,00;0,00;0,00;0,00;0,00;0,00;0,00;0,00;13,00;0,00;0,00;0,00;0,00;0,00
2020-12-20;0,00;3,00;3,00;0,00;0,00;3,00;0,00;14,00;0,00;0,00;4,00;0,00;9,00;0,00;0,00;5,00;9,00;0,00;0,00;0,00;12,00;0,00;0,00;0,00;0,00;0,00;0,00;0,00;0,00;28,00;0,00;14,00;0,00;0,00;0,00;0,00;9,00;0,00;14,00;0,00;0,00;0,00;0,00;0,00
2020-12-27;0,00;2,00;7,00;0,00;5,00;0,00;3,00;3,00;0,00;0,00;8,00;0,00;13,00;9,00;0,00;23,00;0,00;0,00;12,00;48,00;0,00;0,00;0,00;0,00;0,00;0,00;0,00;0,00;0,00;0,00;0,00;0,00;0,00;0,00;26,00;0,00;17,00;0,00;0,00;0,00;0,00;0,00;0,00;0,00
2021-01-03;13,00;13,00;13,00;13,00;13,00;13,00;0,00;13,00;0,00;0,00;0,00;13,00;39,00;13,00;13,00;0,00;0,00;0,00;0,00;26,00;0,00;0,00;0,00;25,00;0,00;0,00;0,00;0,00;0,00;0,00;0,00;13,00;0,00;0,00;13,00;0,00;13,00;0,00;0,00;0,00;0,00;0,00;0,00;0,00
2021-01-10;25,00;25,00;10,00;10,00;35,00;0,00;12,50;37,50;0,00;25,00;0,00;46,88;46,88;0,00;0,00;0,00;25,00;0,00;12,50;0,00;0,00;0,00;0,00;0,00;12,00;0,00;0,00;0,00;0,00;0,00;0,00;0,00;0,00;12,50;12,50;0,00;37,50;0,00;0,00;0,00;0,00;0,00;0,00;0,00
2021-01-17;25,00;25,00;25,00;25,00;25,00;0,00;0,00;25,00;0,00;0,00;0,00;25,00;34,38;78,13;0,00;0,00;0,00;0,00;12,50;12,50;0,00;0,00;0,00;25,00;0,00;0,00;0,00;0,00;0,00;0,00;0,00;12,00;0,00;0,00;25,00;0,00;25,00;0,00;0,00;12,00;0,00;0,00;0,00;0,00
2021-01-24;0,00;4,00;2,00;0,00;0,00;0,00;0,00;12,00;0,00;0,00;0,00;15,00;11,00;12,00;0,00;8,00;8,00;0,00;0,00;11,00;0,00;0,00;12,00;0,00;0,00;0,00;0,00;0,00;0,00;0,00;0,00;12,00;0,00;0,00;0,00;0,00;8,00;0,00;0,00;0,00;0,00;0,00;0,00;0,00
2021-01-31;12,00;0,00;12,00;12,00;12,00;0,00;0,00;24,00;12,00;0,00;0,00;0,00;12,00;48,00;0,00;0,00;0,00;0,00;12,00;24,00;0,00;0,00;0,00;0,00;12,00;12,00;0,00;12,00;0,00;0,00;0,00;0,00;0,00;0,00;0,00;0,00;36,00;0,00;0,00;0,00;0,00;0,00;0,00;0,00
2021-02-07;0,00;7,00;0,00;0,00;2,00;0,00;3,00;13,00;0,00;0,00;0,00;0,00;0,00;13,00;0,00;4,00;9,00;12,00;0,00;12,00;12,00;0,00;13,00;0,00;0,00;0,00;0,00;0,00;0,00;0,00;0,00;13,00;0,00;17,00;0,00;0,00;9,00;0,00;0,00;0,00;0,00;0,00;0,00;0,00
2021-02-14;13,00;78,00;13,00;0,00;32,50;13,00;26,00;26,00;0,00;0,00;0,00;13,00;26,00;71,50;0,00;0,00;42,25;0,00;0,00;27,18;0,00;0,00;0,00;39,00;0,00;0,00;0,00;0,00;0,00;0,00;0,00;13,00;0,00;27,63;13,00;0,00;13,00;13,00;13,00;0,00;0,00;0,00;0,00;0,00
2021-02-21;0,00;0,00;0,00;0,00;5,00;0,00;3,00;9,00;3,00;0,00;4,00;4,00;4,00;13,00;0,00;0,00;8,00;0,00;0,00;0,00;0,00;0,00;0,00;38,00;0,00;0,00;0,00;0,00;0,00;0,00;0,00;0,00;0,00;0,00;0,00;0,00;0,00;0,00;0,00;0,00;0,00;0,00;0,00;0,00
2021-02-28;13,00;32,50;13,00;0,00;0,00;0,00;0,00;26,00;0,00;0,00;0,00;13,00;0,00;42,25;0,00;0,00;13,00;0,00;0,00;0,00;0,00;0,00;0,00;0,00;0,00;0,00;0,00;0,00;0,00;0,00;0,00;0,00;0,00;0,00;13,00;0,00;39,00;0,00;0,00;0,00;0,00;0,00;0,00;0,00
2021-03-07;0,00;0,00;2,00;0,00;2,00;0,00;0,00;12,00;0,00;0,00;0,00;0,00;0,00;4,00;0,00;0,00;8,00;11,00;0,00;0,00;0,00;0,00;0,00;0,00;0,00;0,00;12,00;0,00;0,00;0,00;0,00;0,00;0,00;8,00;8,00;0,00;0,00;0,00;0,00;0,00;0,00;0,00;0,00;0,00
2021-03-14;0,00;0,00;4,00;2,00;2,00;0,00;0,00;8,00;0,00;4,00;0,00;4,00;4,00;11,00;0,00;0,00;4,00;0,00;20,00;0,00;0,00;0,00;0,00;23,00;0,00;0,00;0,00;0,00;0,00;23,00;0,00;0,00;0,00;0,00;0,00;0,00;22,00;0,00;0,00;0,00;0,00;0,00;0,00;0,00
2021-03-21;25,00;10,00;25,00;0,00;0,00;0,00;12,50;0,00;0,00;12,50;0,00;12,50;0,00;37,50;0,00;12,50;0,00;48,86;12,50;0,00;0,00;0,00;0,00;0,00;0,00;0,00;0,00;0,00;0,00;0,00;0,00;0,00;0,00;0,00;0,00;0,00;0,00;0,00;0,00;0,00;0,00;0,00;0,00;0,00
2021-03-28;13,00;0,00;0,00;0,00;13,00;13,00;0,00;26,00;0,00;0,00;0,00;26,00;0,00;13,00;0,00;0,00;13,00;0,00;0,00;0,00;0,00;0,00;0,00;0,00;0,00;0,00;13,00;0,00;13,00;0,00;0,00;0,00;0,00;0,00;0,00;0,00;13,00;0,00;0,00;0,00;0,00;0,00;0,00;0,00
2021-04-04;0,00;0,00;5,00;0,00;0,00;0,00;0,00;6,00;0,00;0,00;0,00;0,00;0,00;8,00;4,00;0,00;4,00;0,00;0,00;0,00;0,00;0,00;0,00;13,00;0,00;0,00;0,00;0,00;0,00;0,00;0,00;0,00;0,00;8,00;0,00;0,00;0,00;0,00;0,00;0,00;0,00;0,00;0,00;0,00
2021-04-11;0,00;0,00;7,00;0,00;2,00;0,00;0,00;3,00;0,00;0,00;0,00;0,00;0,00;13,00;0,00;4,00;4,00;0,00;11,00;11,00;0,00;0,00;0,00;13,00;0,00;0,00;0,00;0,00;0,00;13,00;13,00;0,00;0,00;0,00;0,00;0,00;0,00;0,00;0,00;0,00;0,00;0,00;0,00;0,00
2021-04-18;13,00;0,00;32,50;0,00;0,00;0,00;0,00;52,00;0,00;0,00;0,00;0,00;13,00;29,25;0,00;0,00;29,25;13,00;0,00;0,00;0,00;0,00;0,00;13,00;0,00;0,00;0,00;0,00;0,00;0,00;0,00;0,00;0,00;0,00;0,00;0,00;0,00;0,00;0,00;0,00;0,00;0,00;0,00;0,00
2021-04-25;26,00;0,00;10,40;10,40;26,00;0,00;0,00;26,00;0,00;0,00;0,00;0,00;0,00;11,56;0,00;0,00;0,00;0,00;12,43;12,43;0,00;0,00;0,00;13,00;0,00;0,00;0,00;0,00;0,00;0,00;0,00;0,00;0,00;0,00;0,00;0,00;12,24;0,00;0,00;0,00;0,00;0,00;0,00;0,00
2021-05-02;0,00;0,00;5,00;0,00;0,00;0,00;0,00;0,00;0,00;0,00;0,00;0,00;0,00;8,00;0,00;0,00;0,00;0,00;0,00;0,00;0,00;12,00;0,00;0,00;0,00;0,00;0,00;0,00;0,00;0,00;0,00;0,00;0,00;0,00;0,00;0,00;8,00;0,00;0,00;0,00;0,00;0,00;0,00;0,00
2021-05-09;0,00;0,00;2,00;0,00;2,00;3,00;0,00;12,00;0,00;0,00;4,00;4,00;4,00;4,00;0,00;0,00;8,00;0,00;0,00;0,00;0,00;0,00;0,00;13,00;0,00;0,00;0,00;0,00;0,00;0,00;0,00;0,00;0,00;0,00;8,00;0,00;8,00;0,00;0,00;0,00;0,00;0,00;0,00;0,00
2021-05-16;37,00;0,00;21,14;10,57;21,14;0,00;0,00;37,00;0,00;0,00;13,45;23,55;0,00;0,00;0,00;0,00;12,33;12,72;0,00;12,72;0,00;0,00;0,00;0,00;0,00;0,00;0,00;0,00;0,00;0,00;0,00;0,00;0,00;0,00;12,87;0,00;25,74;0,00;0,00;0,00;0,00;0,00;0,00;0,00
2021-05-23;25,00;0,00;0,00;0,00;0,00;0,00;0,00;50,00;12,50;0,00;0,00;12,50;12,50;0,00;0,00;0,00;53,13;0,00;0,00;12,50;0,00;0,00;0,00;0,00;0,00;0,00;0,00;0,00;0,00;0,00;0,00;13,00;0,00;12,50;12,50;0,00;0,00;0,00;25,00;0,00;0,00;0,00;0,00;0,00
2021-05-30;0,00;0,00;2,00;0,00;5,00;0,00;0,00;10,00;0,00;0,00;0,00;4,00;0,00;4,00;0,00;0,00;9,00;11,00;23,00;0,00;11,00;0,00;0,00;0,00;0,00;0,00;0,00;0,00;0,00;0,00;0,00;13,00;0,00;0,00;8,00;0,00;8,00;0,00;13,00;0,00;0,00;0,00;0,00;0,00
2021-06-06;13,00;13,00;0,00;0,00;0,00;0,00;0,00;13,00;0,00;0,00;0,00;0,00;0,00;42,25;0,00;13,00;29,25;0,00;0,00;0,00;27,18;0,00;0,00;0,00;0,00;0,00;0,00;0,00;0,00;0,00;0,00;0,00;0,00;0,00;13,00;0,00;0,00;0,00;0,00;0,00;13,00;0,00;0,00;0,00
2021-06-13;25,00;0,00;25,00;0,00;10,00;0,00;0,00;25,00;0,00;0,00;0,00;25,00;12,50;37,50;0,00;0,00;25,00;12,50;0,00;12,50;0,00;0,00;0,00;12,00;0,00;0,00;0,00;0,00;0,00;0,00;0,00;0,00;0,00;0,00;0,00;0,00;37,50;0,00;12,00;0,00;0,00;0,00;0,00;0,00
2021-06-20;0,00;0,00;0,00;2,00;2,00;0,00;0,00;6,00;3,00;0,00;0,00;8,00;4,00;21,00;0,00;0,00;4,00;11,00;11,00;0,00;0,00;0,00;0,00;50,00;0,00;0,00;0,00;0,00;0,00;0,00;0,00;0,00;0,00;0,00;8,00;0,00;16,00;0,00;0,00;0,00;0,00;0,00;0,00;0,00
2021-06-27;25,00;0,00;10,00;10,00;0,00;0,00;0,00;79,17;12,50;0,00;0,00;25,00;0,00;65,63;0,00;0,00;12,50;12,50;0,00;12,50;12,50;0,00;0,00;13,00;0,00;0,00;0,00;0,00;0,00;0,00;0,00;0,00;0,00;12,50;0,00;0,00;12,50;0,00;0,00;0,00;0,00;0,00;0,00;0,00
2021-07-04;0,00;2,00;10,00;2,00;5,00;29,00;3,00;6,00;0,00;0,00;0,00;8,00;8,00;4,00;0,00;0,00;0,00;0,00;0,00;0,00;0,00;0,00;13,00;39,00;13,00;0,00;0,00;0,00;0,00;0,00;0,00;13,00;0,00;17,00;8,00;0,00;17,00;0,00;0,00;0,00;0,00;0,00;0,00;0,00
2021-07-11;0,00;0,00;10,00;0,00;5,00;3,00;0,00;3,00;0,00;0,00;0,00;12,00;0,00;0,00;4,00;4,00;13,00;0,00;0,00;0,00;0,00;0,00;0,00;26,00;0,00;0,00;0,00;0,00;0,00;0,00;0,00;39,00;0,00;8,00;0,00;0,00;17,00;0,00;0,00;0,00;0,00;0,00;0,00;0,00
2021-07-18;43,00;0,00;16,13;0,00;16,13;11,73;0,00;39,09;0,00;0,00;0,00;29,77;13,23;30,71;0,00;0,00;30,71;28,29;0,00;14,71;0,00;0,00;0,00;14,00;0,00;0,00;0,00;0,00;14,00;0,00;0,00;0,00;0,00;0,00;0,00;0,00;13,82;0,00;0,00;0,00;0,00;0,00;0,00;0,00
2021-07-25;27,00;0,00;0,00;16,20;16,20;0,00;0,00;38,57;0,00;0,00;0,00;27,00;27,00;81,00;0,00;0,00;15,00;0,00;0,00;0,00;0,00;0,00;0,00;55,00;0,00;0,00;0,00;0,00;0,00;0,00;0,00;14,00;0,00;0,00;0,00;0,00;0,00;0,00;0,00;0,00;0,00;0,00;0,00;0,00
2021-08-01;29,00;0,00;29,00;0,00;0,00;0,00;0,00;45,57;0,00;0,00;0,00;12,89;12,89;14,50;14,50;14,50;124,70;0,00;0,00;15,08;0,00;0,00;0,00;43,00;0,00;0,00;14,00;0,00;0,00;0,00;0,00;14,00;0,00;0,00;0,00;0,00;27,47;0,00;0,00;0,00;0,00;0,00;0,00;0,00
2021-08-08;44,00;16,50;16,50;0,00;60,50;16,00;0,00;56,00;28,00;0,00;0,00;104,92;30,46;122,57;0,00;0,00;59,71;15,05;15,05;0,00;15,05;0,00;0,00;15,00;0,00;0,00;0,00;0,00;0,00;0,00;15,00;0,00;0,00;29,86;0,00;0,00;14,14;0,00;15,00;0,00;0,00;0,00;0,00;0,00
2021-08-15;14,00;0,00;37,33;23,33;0,00;0,00;14,00;46,67;14,00;0,00;14,00;45,50;14,00;39,20;0,00;14,00;53,20;0,00;14,00;0,00;0,00;0,00;0,00;28,00;0,00;0,00;0,00;0,00;0,00;0,00;14,00;14,00;0,00;0,00;0,00;0,00;28,00;0,00;0,00;0,00;0,00;0,00;0,00;0,00
2021-08-22;29,00;29,00;29,00;0,00;17,40;16,57;0,00;29,00;16,57;0,00;0,00;0,00;16,11;43,50;0,00;0,00;29,00;0,00;0,00;0,00;0,00;0,00;0,00;0,00;0,00;15,00;0,00;0,00;0,00;0,00;0,00;15,00;0,00;13,74;13,74;0,00;13,74;0,00;0,00;0,00;0,00;0,00;0,00;0,00
2021-08-29;14,00;23,33;37,33;14,00;14,00;0,00;14,00;63,00;14,00;0,00;0,00;31,50;31,50;14,00;0,00;0,00;39,20;14,00;14,00;0,00;0,00;0,00;0,00;14,00;0,00;0,00;0,00;0,00;14,00;0,00;14,00;43,00;0,00;14,00;0,00;0,00;14,00;0,00;0,00;0,00;0,00;0,00;0,00;0,00
2021-09-05;15,00;0,00;25,00;15,00;15,00;15,00;0,00;41,25;41,25;0,00;0,00;27,00;15,00;15,00;0,00;0,00;75,00;0,00;45,00;0,00;0,00;15,00;0,00;15,00;0,00;0,00;15,00;0,00;15,00;0,00;0,00;15,00;0,00;0,00;0,00;0,00;28,50;0,00;0,00;0,00;0,00;0,00;0,00;0,00
2021-09-12;14,00;0,00;51,33;0,00;23,33;0,00;10,50;84,00;0,00;14,00;0,00;45,50;31,50;53,20;0,00;14,00;14,00;0,00;0,00;0,00;0,00;14,00;0,00;14,00;0,00;0,00;0,00;0,00;0,00;0,00;0,00;0,00;0,00;0,00;0,00;0,00;14,00;0,00;0,00;0,00;0,00;0,00;0,00;0,00
2021-09-19;14,00;0,00;37,33;0,00;14,00;0,00;14,00;73,50;0,00;0,00;0,00;45,50;31,50;67,20;0,00;14,00;28,00;0,00;14,00;0,00;14,00;0,00;0,00;29,00;0,00;0,00;0,00;0,00;15,00;0,00;0,00;14,00;0,00;14,00;0,00;0,00;29,56;0,00;0,00;0,00;0,00;0,00;0,00;0,00
2021-09-26;14,00;46,67;14,00;14,00;14,00;0,00;0,00;79,33;14,00;45,50;31,50;45,50;14,00;64,40;0,00;14,00;25,20;0,00;14,00;0,00;43,17;0,00;14,00;56,00;0,00;0,00;0,00;14,00;0,00;0,00;0,00;28,00;0,00;0,00;28,00;0,00;0,00;0,00;0,00;0,00;0,00;0,00;0,00;0,00
2021-10-03;21,00;21,00;31,50;10,50;0,00;0,00;0,00;63,00;42,00;0,00;0,00;56,00;0,00;81,00;0,00;0,00;42,00;0,00;0,00;0,00;10,50;0,00;0,00;41,00;10,00;0,00;10,00;0,00;10,00;0,00;0,00;0,00;0,00;11,31;0,00;0,00;32,31;0,00;21,00;0,00;0,00;0,00;0,00;0,00
2021-10-10;28,00;56,00;50,40;16,80;50,40;8,00;0,00;84,00;8,00;18,67;0,00;28,00;0,00;37,33;0,00;0,00;28,00;8,96;17,92;0,00;0,00;0,00;9,00;37,00;0,00;0,00;0,00;9,00;9,00;0,00;0,00;9,00;0,00;9,33;0,00;0,00;37,33;0,00;9,00;0,00;0,00;0,00;0,00;0,00
2021-10-17;9,00;13,50;22,50;0,00;22,50;18,00;0,00;130,50;9,00;9,00;9,00;18,00;0,00;18,00;0,00;9,00;27,00;9,00;0,00;9,00;0,00;0,00;0,00;9,00;0,00;9,00;0,00;0,00;0,00;9,00;0,00;0,00;0,00;0,00;9,00;0,00;27,00;9,00;18,00;0,00;0,00;0,00;0,00;0,00
2021-10-24;9,00;13,50;9,00;9,00;13,50;9,00;9,00;153,00;31,50;9,00;18,00;9,00;9,00;102,00;9,00;0,00;27,00;0,00;18,00;0,00;0,00;0,00;9,00;9,00;0,00;0,00;0,00;0,00;0,00;0,00;0,00;9,00;0,00;0,00;0,00;0,00;0,00;0,00;0,00;0,00;0,00;0,00;0,00;0,00
2021-10-31;9,00;0,00;9,00;36,00;9,00;9,00;9,00;72,00;9,00;9,00;0,00;33,00;18,00;18,00;0,00;9,00;27,00;9,00;18,00;0,00;9,00;0,00;9,00;27,00;0,00;0,00;0,00;0,00;0,00;0,00;0,00;18,00;9,00;0,00;9,00;0,00;9,00;0,00;9,00;0,00;0,00;0,00;0,00;0,00
2021-11-07;0,00;5,00;0,00;7,00;2,00;2,00;0,00;25,00;4,00;0,00;6,00;8,00;6,00;12,00;0,00;12,00;9,00;0,00;8,00;16,00;0,00;0,00;0,00;9,00;0,00;0,00;0,00;0,00;9,00;18,00;0,00;28,00;0,00;12,00;0,00;0,00;12,00;0,00;0,00;0,00;0,00;0,00;0,00;0,00
2021-11-14;18,00;12,00;0,00;0,00;18,00;9,00;9,00;58,50;18,00;18,00;0,00;18,00;57,00;18,00;0,00;9,00;27,00;9,00;9,00;27,00;0,00;0,00;0,00;9,00;0,00;9,00;0,00;0,00;18,00;9,00;0,00;18,00;0,00;9,00;9,00;0,00;18,00;0,00;0,00;0,00;0,00;0,00;0,00;0,00
2021-11-21;9,00;27,00;9,00;13,50;49,50;36,00;18,00;18,00;9,00;0,00;15,00;0,00;57,00;36,00;0,00;18,00;9,00;9,00;9,00;9,00;0,00;9,00;0,00;9,00;0,00;9,00;0,00;0,00;0,00;9,00;9,00;17,00;0,00;0,00;9,00;0,00;0,00;0,00;0,00;0,00;0,00;0,00;0,00;0,00
2021-11-28;9,00;13,50;27,00;13,50;13,50;9,00;9,00;58,50;40,50;0,00;42,00;24,00;15,00;36,00;0,00;9,00;9,00;0,00;0,00;9,00;16,88;0,00;0,00;26,00;0,00;0,00;9,00;9,00;0,00;9,00;18,00;0,00;0,00;25,50;0,00;0,00;9,00;0,00;0,00;0,00;0,00;0,00;0,00;0,00
2021-12-05;37,00;79,29;10,57;37,00;42,29;8,22;0,00;119,22;8,22;10,09;0,00;47,09;10,09;18,50;0,00;9,25;18,50;9,25;27,75;0,00;0,00;18,00;0,00;27,00;0,00;0,00;0,00;0,00;0,00;0,00;9,00;0,00;0,00;0,00;0,00;0,00;27,75;0,00;0,00;0,00;0,00;0,00;0,00;0,00
2021-12-12;9,00;22,50;0,00;13,50;31,50;0,00;9,00;184,50;31,50;9,00;9,00;36,00;27,00;93,00;18,00;18,00;27,00;9,00;9,00;18,00;9,00;0,00;0,00;0,00;0,00;0,00;0,00;9,00;9,00;9,00;0,00;0,00;0,00;9,00;9,00;0,00;63,00;0,00;0,00;0,00;0,00;0,00;9,00;0,00
2021-12-19;62,00;248,00;45,09;62,00;45,09;82,67;41,33;124,00;33,07;9,79;42,42;52,21;32,63;50,19;20,67;50,19;29,52;114,81;20,67;20,67;51,67;10,00;21,00;0,00;0,00;0,00;10,00;21,00;10,00;41,00;10,00;31,00;0,00;0,00;41,85;20,15;31,00;0,00;0,00;0,00;0,00;0,00;0,00;0,00
2021-12-26;100,00;177,78;100,00;50,00;77,78;25,00;100,00;216,67;25,00;61,29;25,81;100,00;100,00;63,64;12,12;0,00;12,12;25,29;75,86;37,93;25,29;62,00;37,00;50,00;12,00;0,00;38,00;13,00;13,00;12,00;12,00;0,00;0,00;25,00;0,00;0,00;12,50;12,00;0,00;12,00;0,00;0,00;0,00;0,00
