Semaine;Nice (FR);Paris (FR);London (GB);Amsterdam (NL);Barcelona (ES);Roma (IT);Lille (FR);Madrid (ES);Lisbon (PT);Prague (CZ);Berlin (DE);Milano (IT);stanbul (TR);Budapest (HU);Venezia (IT);Wien (AT);Strasbourg (FR);Athens (GR);Dublin (IE);Lyon (FR);Frankfurt am Main (DE);Marseille (FR);München (DE);Stockholm (SE);Copenhagen (DK);Bordeaux (FR);Genève (CH);Tours (FR);Hamburg (DE);Toulouse (FR);Montpellier (FR);Nantes (FR);Avignon (FR);Monaco (MC);Dijon (FR);Aix en Provence (FR)
2019-01-06;33,00;671,00;814,00;165,00;418,00;346,50;8,25;231,00;99,00;69,30;82,50;105,60;138,60;41,25;280,50;49,50;8,25;193,29;339,43;18,86;94,29;11,00;84,86;33,00;36,14;15,47;24,75;40,22;13,41;6,00;0,00;0,00;2,00;29,00;2,00;4,00
2019-01-13;40,00;813,33;893,33;186,67;426,67;420,00;10,00;340,00;80,00;70,00;106,67;140,00;126,67;40,00;260,00;60,00;10,00;220,00;370,00;10,00;105,00;12,80;83,20;24,00;36,80;16,41;9,23;18,46;16,41;6,00;2,00;0,00;4,00;9,00;4,00;4,00
2019-01-20;30,00;855,00;990,00;195,00;480,00;345,00;7,50;255,00;45,00;73,33;100,00;100,00;156,67;40,00;290,00;40,00;10,00;210,00;380,00;20,00;80,00;15,79;56,84;25,26;31,58;7,00;29,00;37,00;13,00;8,00;4,00;8,00;4,00;15,00;2,00;4,00
2019-01-27;34,00;589,33;702,67;124,67;396,67;357,00;0,00;272,00;68,00;85,00;108,80;102,00;105,40;25,50;229,50;51,00;8,50;238,00;262,29;14,57;92,29;17,81;51,81;27,52;46,95;16,48;25,76;22,67;16,48;7,00;7,00;2,00;4,00;13,00;2,00;0,00
2019-02-03;22,00;594,00;682,00;143,00;385,00;440,00;11,00;308,00;88,00;72,29;91,14;91,14;125,71;44,00;341,00;77,00;11,00;193,60;286,00;8,80;83,60;15,71;50,29;36,14;44,00;21,00;27,00;37,00;14,00;6,00;2,00;4,00;4,00;9,00;0,00;2,00
2019-02-10;41,00;738,00;929,33;205,00;492,00;430,50;10,25;307,50;102,50;58,08;68,33;129,83;174,25;41,00;278,80;41,00;8,20;186,78;305,22;22,78;72,89;12,62;69,38;28,38;44,15;22,55;27,68;33,83;11,28;7,00;6,00;6,00;7,00;15,00;4,00;2,00
2019-02-17;45,00;675,00;753,75;123,75;450,00;472,50;11,25;382,50;112,50;90,00;107,31;131,54;159,23;27,00;297,00;63,00;18,00;189,00;292,50;18,00;99,00;19,29;64,29;24,11;51,43;18,41;22,50;22,50;20,45;0,00;8,00;0,00;0,00;23,00;2,00;2,00
2019-02-24;26,00;741,00;923,00;143,00;507,00;572,00;13,00;416,00;130,00;52,00;74,75;110,50;149,50;34,67;268,67;52,00;8,67;203,67;294,67;8,67;82,33;11,38;61,75;29,25;39,00;9,36;28,08;35,36;18,72;4,00;2,00;2,00;9,00;13,00;2,00;4,00
2019-03-03;49,00;759,50;808,50;159,25;441,00;375,67;8,17;343,00;65,33;81,67;91,47;124,13;156,80;49,00;343,00;68,60;9,80;210,70;396,90;4,90;93,10;14,23;58,48;37,94;53,74;13,55;34,40;32,32;18,77;9,00;0,00;6,00;2,00;15,00;4,00;4,00
2019-03-10;30,00;945,00;1050,00;195,00;555,00;315,00;7,50;285,00;75,00;63,33;90,00;123,33;176,67;40,00;360,00;60,00;10,00;200,00;440,00;20,00;115,00;17,37;66,32;37,89;37,89;20,69;30,00;43,45;15,52;2,00;8,00;4,00;9,00;15,00;2,00;0,00
2019-03-17;35,00;700,00;840,00;140,00;443,33;402,50;8,75;350,00;70,00;87,50;112,00;108,50;147,00;26,25;306,25;43,75;8,75;245,00;400,00;10,00;135,00;14,32;73,18;38,18;42,95;13,38;28,82;35,00;19,56;12,00;6,00;2,00;17,00;35,00;0,00;4,00
2019-03-24;47,00;646,25;787,25;164,50;434,75;540,50;0,00;399,50;94,00;83,93;104,07;151,07;167,86;56,40;347,80;75,20;18,80;230,30;352,50;14,10;84,60;10,97;73,63;39,17;42,30;11,49;25,07;42,82;8,36;2,00;6,00;0,00;8,00;14,00;0,00;6,00
2019-03-31;47,00;763,75;763,75;176,25;505,25;540,50;11,75;423,00;117,50;80,57;94,00;147,71;167,86;37,60;338,40;65,80;18,80;206,80;357,20;23,50;112,80;15,67;67,37;42,30;39,17;11,24;24,52;36,78;19,41;6,00;4,00;0,00;12,00;20,00;2,00;0,00
2019-04-07;31,00;961,00;1100,50;186,00;542,50;325,50;7,75;248,00;62,00;82,67;99,89;110,22;168,78;51,67;392,67;51,67;10,33;199,29;274,57;17,71;93,00;9,79;68,53;63,63;40,79;22,73;28,93;31,00;15,50;12,00;6,00;2,00;10,00;25,00;2,00;6,00
2019-04-14;40,00;1333,33;1026,67;186,67;546,67;480,00;10,00;280,00;80,00;76,67;76,67;116,67;150,00;40,00;340,00;50,00;30,00;248,89;275,56;26,67;80,00;17,60;60,80;40,00;56,00;15,38;43,08;53,33;35,90;6,00;4,00;2,00;6,00;20,00;0,00;8,00
2019-04-21;55,00;770,00;935,00;206,25;467,50;458,33;0,00;275,00;73,33;90,59;61,47;80,88;171,47;27,50;293,33;55,00;9,17;220,00;252,08;4,58;87,08;17,29;66,00;42,43;37,71;19,35;19,35;36,67;13,24;6,00;6,00;2,00;6,00;14,00;4,00;2,00
2019-04-28;40,00;800,00;946,67;160,00;520,00;440,00;10,00;360,00;100,00;70,00;113,33;110,00;146,67;20,00;360,00;60,00;20,00;271,11;280,00;17,78;66,67;20,80;78,40;33,60;49,60;17,44;28,72;33,85;17,44;2,00;8,00;2,00;6,00;17,00;6,00;6,00
2019-05-05;41,00;833,67;1011,33;150,33;560,33;471,50;10,25;2050,00;102,50;95,67;102,50;112,75;160,58;41,00;338,25;71,75;20,50;227,78;291,56;18,22;113,89;7,88;86,73;41,00;61,50;17,43;32,80;63,55;21,53;10,00;4,00;2,00;6,00;14,00;4,00;4,00
2019-05-12;70,00;746,67;840,00;140,00;455,00;420,00;8,75;525,00;87,50;93,33;100,00;156,67;143,33;43,75;332,50;70,00;8,75;266,00;322,00;18,67;102,67;12,73;98,64;39,77;38,18;13,38;19,56;36,03;25,74;8,00;4,00;2,00;12,00;18,00;0,00;4,00
2019-05-19;52,00;936,00;988,00;182,00;572,00;433,33;8,67;364,00;86,67;69,33;142,13;152,53;142,13;34,67;416,00;60,67;8,67;264,73;359,27;37,82;108,73;26,79;64,61;39,39;31,52;10,40;32,24;35,36;17,68;14,00;6,00;0,00;16,00;20,00;0,00;0,00
2019-05-26;49,00;857,50;931,00;220,50;563,50;441,00;0,00;392,00;98,00;91,47;133,93;156,80;192,73;49,00;382,20;68,60;9,80;289,10;362,60;34,30;137,20;14,23;99,58;83,77;44,26;12,51;36,49;38,57;14,60;10,00;2,00;2,00;4,00;33,00;2,00;2,00
2019-06-02;50,00;862,50;987,50;175,00;525,00;366,67;0,00;400,00;66,67;106,67;113,33;110,00;153,33;50,00;690,00;60,00;10,00;250,00;309,09;18,18;109,09;29,03;70,97;41,94;45,16;19,79;21,88;37,50;30,21;10,00;4,00;2,00;2,00;24,00;0,00;2,00
2019-06-09;44,00;759,00;880,00;154,00;462,00;528,00;11,00;418,00;132,00;101,54;98,15;132,00;182,77;44,00;352,00;61,60;8,80;229,78;376,44;9,78;97,78;22,00;70,71;37,71;37,71;8,38;26,19;32,48;15,71;4,00;4,00;0,00;6,00;24,00;2,00;0,00
2019-06-16;51,00;879,75;1020,00;165,75;650,25;374,00;8,50;357,00;85,00;105,40;85,00;125,80;163,20;42,50;340,00;59,50;4,25;245,73;347,73;23,18;129,82;25,50;82,88;43,03;51,00;11,22;25,50;68,34;27,54;14,00;2,00;4,00;14,00;20,00;0,00;4,00
2019-06-23;75,00;837,50;1037,50;150,00;650,00;412,50;9,38;393,75;93,75;88,64;115,91;126,14;238,64;37,50;403,13;75,00;9,38;239,06;351,56;28,13;131,25;30,32;97,34;38,30;51,06;14,38;38,01;48,29;12,33;2,00;2,00;4,00;8,00;18,00;0,00;8,00
2019-06-30;40,00;933,33;1026,67;200,00;653,33;440,00;10,00;360,00;100,00;73,33;96,67;93,33;193,33;40,00;360,00;60,00;20,00;280,00;350,00;40,00;105,00;17,60;65,60;41,60;54,40;20,51;20,51;47,18;22,56;8,00;0,00;0,00;15,00;23,00;0,00;0,00
2019-07-07;53,00;874,50;1060,00;238,50;622,75;424,00;8,83;318,00;70,67;72,88;115,94;125,88;178,88;53,00;388,67;53,00;17,67;197,55;313,18;28,91;120,45;18,71;65,47;37,41;37,41;13,25;30,58;40,77;19,37;4,00;4,00;4,00;4,00;18,00;4,00;8,00
2019-07-14;42,00;854,00;980,00;196,00;616,00;441,00;10,50;336,00;105,00;93,69;109,85;109,85;164,77;42,00;361,20;50,40;16,80;233,33;340,67;18,67;116,67;20,22;49,78;38,89;49,78;15,37;31,76;49,17;19,46;8,00;10,00;6,00;4,00;14,00;4,00;2,00
2019-07-21;39,00;793,00;988,00;208,00;533,00;448,50;9,75;390,00;117,00;58,50;78,00;126,75;143,00;48,75;399,75;68,25;19,50;287,63;312,00;19,50;107,25;14,04;87,36;20,28;48,36;14,37;30,79;47,21;34,89;4,00;2,00;0,00;14,00;21,00;0,00;4,00
2019-07-28;37,00;703,00;838,67;148,00;456,33;425,50;9,25;351,50;74,00;84,09;90,82;164,82;131,18;27,75;286,75;46,25;9,25;208,13;286,75;13,88;120,25;9,65;65,96;45,04;49,87;10,28;30,83;41,11;12,33;2,00;8,00;12,00;12,00;25,00;0,00;0,00
2019-08-04;38,00;722,00;950,00;177,33;582,67;437,00;9,50;399,00;76,00;85,50;95,00;145,67;152,00;57,00;351,50;66,50;9,50;218,50;375,25;14,25;99,75;20,58;74,42;42,75;42,75;16,43;16,43;46,22;21,57;8,00;2,00;4,00;8,00;18,00;0,00;6,00
2019-08-11;47,00;634,50;787,25;164,50;470,00;564,00;0,00;399,50;94,00;110,79;120,86;127,57;177,93;47,00;338,40;75,20;28,20;202,10;361,90;23,50;108,10;15,67;92,43;50,13;53,27;19,41;21,46;43,93;19,41;6,00;0,00;4,00;2,00;39,00;6,00;0,00
2019-08-18;56,00;627,20;784,00;156,80;414,40;373,33;9,33;354,67;74,67;92,24;105,41;131,76;128,47;28,00;345,33;74,67;18,67;228,67;317,33;23,33;154,00;9,60;99,20;48,00;44,80;19,70;34,22;49,78;26,96;6,00;2,00;2,00;2,00;10,00;2,00;10,00
2019-08-25;24,00;720,00;744,00;156,00;492,00;504,00;12,00;432,00;96,00;99,43;113,14;133,71;178,29;48,00;248,00;64,00;8,00;211,20;283,20;4,80;105,60;14,40;80,00;30,40;43,20;11,00;25,00;43,00;13,00;8,00;4,00;2,00;9,00;11,00;0,00;2,00
2019-09-01;71,00;769,17;769,17;165,67;449,67;372,75;8,88;337,25;88,75;111,57;114,95;162,29;175,81;44,38;355,00;79,88;8,88;222,47;298,20;18,93;156,20;26,82;77,31;50,49;45,76;16,46;23,67;33,96;38,07;4,00;7,00;9,00;9,00;22,00;4,00;2,00
2019-09-08;25,00;837,50;787,50;175,00;575,00;500,00;25,00;525,00;125,00;114,29;117,86;192,86;200,00;50,00;291,67;66,67;41,67;225,00;315,00;20,00;115,00;12,50;95,31;54,69;42,19;21,88;35,42;32,29;39,58;13,00;11,00;2,00;5,00;20,00;2,00;2,00
2019-09-15;51,00;765,00;816,00;178,50;573,75;408,00;17,00;340,00;85,00;115,60;122,40;149,60;166,60;51,00;323,00;59,50;17,00;199,36;361,64;18,55;102,00;20,72;111,56;51,00;63,75;22,44;34,68;49,98;37,74;11,00;9,00;4,00;4,00;25,00;0,00;0,00
2019-09-22;51,00;816,00;879,75;178,50;535,50;408,00;8,50;340,00;102,00;91,80;170,00;159,80;180,20;34,00;323,00;76,50;17,00;231,82;347,73;18,55;157,64;14,34;100,41;43,03;36,66;23,94;38,51;36,43;39,55;16,00;7,00;7,00;13,00;23,00;0,00;4,00
2019-09-29;42,00;924,00;938,00;210,00;602,00;462,00;21,00;378,00;84,00;122,50;136,50;147,00;185,50;33,60;268,80;67,20;16,80;219,33;312,67;32,67;130,67;25,85;111,46;33,92;46,85;12,60;39,90;32,55;51,45;18,00;5,00;5,00;2,00;9,00;2,00;2,00
2019-10-06;29,00;841,00;942,50;188,50;507,50;638,00;14,50;551,00;145,00;87,00;132,11;90,22;228,78;67,67;299,67;77,33;9,67;198,17;309,33;24,17;116,00;25,78;87,00;53,17;59,61;16,57;38,32;25,89;36,25;13,00;4,00;5,00;4,00;15,00;0,00;0,00
2019-10-13;33,00;660,00;715,00;143,00;638,00;297,00;8,25;297,00;99,00;89,10;89,10;125,40;188,10;33,00;280,50;57,75;16,50;216,86;282,86;28,29;127,29;22,00;88,00;50,29;34,57;9,28;28,88;28,88;50,53;7,00;18,00;9,00;5,00;13,00;2,00;5,00
2019-10-20;38,00;696,67;861,33;164,67;582,67;361,00;9,50;380,00;95,00;93,27;107,09;134,73;165,82;38,00;275,50;66,50;19,00;204,25;294,50;9,50;99,75;23,75;80,75;41,17;28,50;14,38;46,22;51,35;48,27;9,00;4,00;9,00;5,00;13,00;5,00;2,00
2019-10-27;34,00;623,33;702,67;147,33;351,33;272,00;8,50;306,00;51,00;85,00;122,40;112,20;166,60;34,00;221,00;68,00;25,50;131,14;281,71;24,29;121,43;25,90;63,14;32,38;45,33;29,88;37,09;19,58;42,24;9,00;14,00;2,00;9,00;12,00;7,00;2,00
2019-11-03;41,00;779,00;806,33;205,00;492,00;410,00;10,25;307,50;102,50;112,75;95,67;140,08;170,83;41,00;246,00;57,40;24,60;164,00;282,44;22,78;95,67;33,12;69,38;52,04;45,73;21,53;26,65;41,00;42,03;9,00;5,00;7,00;14,00;12,00;0,00;2,00
2019-11-10;33,00;649,00;792,00;154,00;352,00;313,50;8,25;280,50;66,00;82,50;102,30;138,60;178,20;49,50;775,50;74,25;24,75;160,29;254,57;9,43;117,86;12,57;64,43;37,71;37,71;10,31;38,16;29,91;29,91;11,00;7,00;4,00;5,00;18,00;2,00;0,00
2019-11-17;33,00;605,00;759,00;154,00;352,00;313,50;16,50;280,50;66,00;99,00;118,80;151,80;161,70;33,00;453,75;66,00;24,75;165,00;311,14;18,86;94,29;20,43;83,29;42,43;37,71;24,75;47,44;37,13;43,31;5,00;7,00;11,00;5,00;23,00;4,00;4,00
2019-11-24;28,00;784,00;1092,00;238,00;448,00;532,00;28,00;560,00;140,00;84,00;121,33;140,00;202,22;74,67;373,33;102,67;18,67;154,00;284,67;28,00;116,67;21,78;116,67;56,00;65,33;17,00;48,00;31,00;66,00;17,00;10,00;2,00;11,00;25,00;2,00;4,00
2019-12-01;49,00;710,50;869,75;159,25;404,25;343,00;8,17;277,67;98,00;88,20;114,33;130,67;182,93;58,80;264,60;88,20;19,60;200,90;303,80;29,40;147,00;15,81;82,19;61,65;49,00;19,40;50,02;27,56;37,77;11,00;12,00;12,00;16,00;14,00;2,00;9,00
2019-12-08;41,00;779,00;902,00;164,00;464,67;410,00;20,50;369,00;82,00;102,50;133,25;150,33;218,67;51,25;276,75;82,00;30,75;159,44;259,67;41,00;118,44;26,81;107,23;45,73;55,19;27,68;56,38;42,03;51,25;12,00;9,00;5,00;0,00;21,00;7,00;4,00
2019-12-15;79,00;790,00;908,50;263,33;500,33;414,75;9,88;414,75;118,50;98,75;131,67;148,13;230,42;43,89;228,22;87,78;17,56;176,59;316,00;32,53;167,29;26,86;142,20;61,62;82,16;21,83;64,45;23,91;38,46;9,00;11,00;13,00;7,00;29,00;5,00;2,00
2019-12-22;79,00;961,17;1171,83;250,17;553,00;572,75;19,75;375,25;118,50;125,08;167,88;217,25;256,75;70,22;359,89;114,11;43,89;195,18;334,59;41,82;176,59;41,08;85,32;79,00;52,14;42,06;60,53;46,17;48,22;20,00;18,00;12,00;8,00;12,00;8,00;2,00
2019-12-29;52,00;871,00;1001,00;195,00;507,00;468,00;8,67;346,67;121,33;126,75;130,00;165,75;230,75;52,00;303,33;78,00;17,33;208,00;373,45;28,36;113,45;33,09;104,00;66,18;69,33;25,49;75,45;43,84;41,80;13,00;11,00;17,00;4,00;24,00;2,00;4,00
2020-01-05;68,00;872,67;1099,33;249,33;566,67;510,00;17,00;442,00;119,00;149,60;183,60;193,80;234,60;85,00;348,50;102,00;25,50;253,87;376,27;45,33;154,13;41,12;136,00;77,49;85,40;43,27;87,58;53,58;63,88;24,00;7,00;23,00;2,00;21,00;7,00;2,00
2020-01-12;100,00;1000,00;1175,00;275,00;662,50;640,00;20,00;520,00;140,00;173,33;183,33;203,33;280,00;63,64;463,64;136,36;18,18;247,62;447,62;52,38;180,95;46,03;125,40;77,78;101,59;39,18;79,38;51,55;79,38;20,00;12,00;15,00;3,00;27,00;5,00;2,00
2020-01-19;92,00;1090,86;1051,43;302,29;683,43;625,60;9,20;460,00;147,20;143,11;207,85;248,74;313,48;92,00;423,20;110,40;36,80;253,00;460,00;46,00;165,60;36,48;145,93;88,83;104,69;39,28;72,36;41,35;64,09;21,00;16,00;14,00;9,00;14,00;5,00;10,00
2020-01-26;67,00;871,00;978,20;254,60;576,20;647,67;11,17;446,67;134,00;123,95;157,45;194,30;268,00;76,57;373,29;105,29;28,71;205,79;349,36;43,07;124,43;31,90;149,95;86,14;76,57;23,71;69,06;34,02;55,66;24,00;14,00;12,00;7,00;17,00;5,00;7,00
2020-02-02;59,00;743,40;920,40;224,20;519,20;511,33;19,67;472,00;137,67;111,44;150,78;180,28;327,78;59,00;311,86;84,29;25,29;190,62;313,15;36,31;140,69;43,05;132,35;74,95;74,95;23,40;79,34;33,57;70,19;19,00;14,00;14,00;10,00;24,00;2,00;7,00
2020-02-09;71,00;863,83;982,17;224,83;497,00;514,75;17,75;443,75;88,75;135,24;185,95;185,95;223,14;62,13;337,25;88,75;26,63;231,93;355,00;37,87;151,47;52,07;130,96;56,80;55,22;24,70;79,23;45,28;61,74;25,00;22,00;10,00;8,00;20,00;5,00;5,00
2020-02-16;77,00;936,83;1013,83;269,50;577,50;519,75;9,63;462,00;134,75;130,57;177,43;227,65;247,74;57,75;375,38;96,25;48,13;250,25;418,69;43,31;149,19;34,57;122,57;97,43;84,86;23,61;67,76;37,99;67,76;27,00;13,00;20,00;10,00;22,00;2,00;12,00
2020-02-23;60,00;876,00;936,00;216,00;528,00;580,00;20,00;420,00;140,00;133,33;230,00;243,33;256,67;34,29;411,43;60,00;42,86;203,08;350,77;50,77;138,46;44,21;138,95;67,89;67,89;41,69;50,85;25,42;75,25;23,00;18,00;15,00;11,00;26,00;5,00;3,00
2020-03-01;42,00;994,00;938,00;238,00;588,00;567,00;21,00;546,00;105,00;113,08;219,69;268,15;206,77;50,40;302,40;84,00;50,40;177,33;340,67;42,00;135,33;37,33;155,56;65,33;66,89;30,73;65,56;19,46;67,61;15,00;31,00;15,00;3,00;18,00;2,00;7,00
2020-03-08;65,00;1027,00;1118,00;234,00;559,00;650,00;10,83;563,33;108,33;106,05;195,00;246,32;242,89;37,14;352,86;74,29;37,14;176,43;348,21;37,14;130,00;42,80;126,83;80,85;63,41;25,79;54,68;31,98;57,78;10,00;13,00;5,00;5,00;16,00;2,00;0,00
2020-03-15;45,00;652,50;573,75;135,00;371,25;450,00;11,25;472,50;90,00;79,62;214,62;197,31;276,92;45,00;900,00;54,00;45,00;153,00;229,50;45,00;99,00;54,64;126,96;72,32;56,25;26,59;49,09;19,43;79,77;14,00;19,00;3,00;3,00;10,00;2,00;3,00
2020-03-22;30,00;645,00;585,00;150,00;360,00;255,00;7,50;225,00;30,00;70,00;160,00;130,00;190,00;40,00;600,00;40,00;50,00;115,00;210,00;25,00;85,00;22,11;105,79;56,84;42,63;21,72;39,31;18,62;66,21;11,00;13,00;6,00;5,00;14,00;3,00;9,00
2020-03-29;32,00;373,33;320,00;96,00;192,00;192,00;8,00;192,00;32,00;51,20;108,80;118,40;160,00;42,67;362,67;74,67;21,33;118,86;169,14;18,29;50,29;17,60;68,80;73,60;48,00;13,42;28,90;12,39;42,32;9,00;11,00;3,00;2,00;5,00;3,00;2,00
2020-04-05;29,00;551,00;551,00;159,50;304,50;232,00;14,50;188,50;29,00;61,22;128,89;119,22;148,22;38,67;261,00;58,00;19,33;111,17;178,83;29,00;58,00;27,47;65,63;42,74;45,79;18,00;31,00;18,00;37,00;8,00;19,00;3,00;3,00;22,00;2,00;5,00
2020-04-12;33,00;374,00;374,00;99,00;198,00;214,50;16,50;214,50;33,00;79,20;118,80;138,60;165,00;24,75;305,25;49,50;16,50;113,14;165,00;23,57;51,86;14,14;88,00;58,14;50,29;13,41;23,72;26,81;50,53;7,00;6,00;9,00;3,00;15,00;3,00;6,00
2020-04-19;32,00;309,33;352,00;85,33;202,67;192,00;16,00;144,00;32,00;67,20;86,40;99,20;153,60;24,00;304,00;40,00;16,00;91,43;173,71;13,71;41,14;25,60;65,60;40,00;46,40;10,32;30,97;6,19;32,00;15,00;12,00;7,00;3,00;15,00;1,00;4,00
2020-04-26;14,00;364,00;420,00;98,00;224,00;168,00;14,00;126,00;14,00;63,00;91,00;108,50;126,00;42,00;392,00;70,00;28,00;116,67;158,67;18,67;74,67;14,00;63,78;57,56;37,33;18,31;34,46;20,46;28,00;3,00;11,00;2,00;0,00;21,00;0,00;6,00
2020-05-03;9,00;270,00;324,00;81,00;153,00;198,00;9,00;162,00;36,00;72,00;93,00;111,00;144,00;18,00;216,00;45,00;9,00;112,50;144,00;22,50;45,00;16,50;64,50;51,00;45,00;12,00;36,00;16,00;33,00;9,00;9,00;5,00;3,00;12,00;0,00;7,00
2020-05-10;26,00;338,00;442,00;91,00;260,00;286,00;13,00;338,00;52,00;68,25;123,50;117,00;178,75;26,00;242,67;52,00;26,00;112,67;147,33;21,67;56,33;22,75;55,25;48,75;66,63;15,60;63,44;12,48;29,12;15,00;8,00;8,00;3,00;17,00;0,00;3,00
2020-05-17;37,00;407,00;431,67;135,67;234,33;277,50;9,25;203,50;37,00;84,09;124,45;127,82;178,27;27,75;203,50;55,50;37,00;115,63;175,75;23,13;74,00;28,96;49,87;62,74;48,26;22,61;38,03;7,19;38,03;15,00;8,00;3,00;3,00;18,00;0,00;2,00
2020-05-24;34,00;362,67;408,00;102,00;204,00;221,00;8,50;204,00;34,00;44,20;139,40;115,60;166,60;25,50;161,50;51,00;25,50;111,71;208,86;14,57;68,00;23,18;55,64;55,64;58,73;14,42;48,42;11,33;59,76;8,00;7,00;3,00;3,00;15,00;3,00;3,00
2020-05-31;46,00;299,00;402,50;115,00;195,50;253,00;11,50;276,00;69,00;72,29;115,00;124,86;157,71;27,60;211,60;46,00;9,20;115,00;211,60;18,40;82,80;12,69;65,03;38,07;69,79;15,33;43,96;25,56;22,49;8,00;8,00;11,00;12,00;17,00;2,00;3,00
2020-06-07;41,00;451,00;546,67;123,00;287,00;287,00;10,25;205,00;61,50;78,58;126,42;153,75;194,75;51,25;205,00;61,50;10,25;118,44;191,33;22,78;72,89;25,23;64,65;53,62;53,62;15,38;42,03;18,45;43,05;11,00;17,00;11,00;3,00;11,00;3,00;8,00
2020-06-14;64,00;435,20;473,60;128,00;281,60;298,67;21,33;256,00;64,00;80,84;151,58;134,74;198,74;45,71;265,14;64,00;18,29;118,86;196,57;27,43;82,29;30,40;70,40;57,60;75,20;17,55;56,77;25,81;44,39;7,00;16,00;11,00;5,00;18,00;3,00;5,00
2020-06-21;51,00;408,00;459,00;114,75;255,00;323,00;8,50;238,00;51,00;74,80;125,80;163,20;193,80;42,50;204,00;51,00;17,00;115,91;199,36;23,18;83,45;23,91;65,34;49,41;52,59;19,38;40,80;17,34;60,18;15,00;10,00;3,00;5,00;15,00;7,00;3,00
2020-06-28;35,00;350,00;350,00;128,33;233,33;280,00;8,75;210,00;52,50;73,18;92,27;127,27;162,27;43,75;166,25;35,00;8,75;105,00;210,00;26,25;70,00;23,86;44,55;68,41;47,73;21,62;41,18;19,56;40,15;18,00;7,00;8,00;10,00;25,00;8,00;10,00
2020-07-05;25,00;400,00;437,50;137,50;225,00;325,00;25,00;350,00;50,00;71,88;90,63;178,13;218,75;25,00;183,33;41,67;8,33;125,00;220,00;10,00;90,00;26,56;64,06;53,13;59,38;15,00;45,00;19,00;45,00;19,00;5,00;2,00;5,00;15,00;2,00;3,00
2020-07-12;51,00;408,00;459,00;165,75;267,75;306,00;17,00;204,00;51,00;88,40;122,40;176,80;221,00;25,50;136,00;85,00;17,00;120,55;171,55;23,18;64,91;30,28;109,97;68,53;54,19;10,41;47,88;16,65;66,61;10,00;19,00;42,00;7,00;12,00;2,00;2,00
2020-07-19;46,00;414,00;460,00;161,00;253,00;414,00;11,50;253,00;69,00;121,57;144,57;216,86;216,86;36,80;211,60;73,60;27,60;124,20;188,60;36,80;87,40;23,79;84,07;85,66;68,21;31,69;59,29;28,62;62,36;24,00;12,00;29,00;7,00;5,00;0,00;5,00
2020-07-26;43,00;516,00;544,67;200,67;344,00;430,00;21,50;301,00;86,00;92,62;178,62;175,31;205,08;43,00;189,20;77,40;25,80;119,44;172,00;33,44;81,22;19,11;93,96;84,41;89,19;38,90;61,43;12,29;72,69;21,00;7,00;17,00;7,00;12,00;2,00;5,00
2020-08-02;45,00;393,75;450,00;135,00;247,50;405,00;22,50;270,00;45,00;80,36;125,36;180,00;225,00;27,00;234,00;45,00;27,00;99,00;171,00;31,50;76,50;26,38;71,38;60,52;68,28;18,41;37,84;19,43;56,25;17,00;17,00;15,00;3,00;13,00;7,00;2,00
2020-08-09;48,00;456,00;468,00;120,00;276,00;408,00;24,00;288,00;48,00;102,86;157,71;168,00;236,57;38,40;240,00;67,20;38,40;129,60;201,60;19,20;96,00;36,80;91,20;68,80;64,00;32,35;31,30;18,78;39,65;19,00;15,00;5,00;7,00;17,00;7,00;3,00
2020-08-16;40,00;466,67;506,67;173,33;280,00;300,00;10,00;240,00;40,00;63,33;116,67;166,67;243,33;30,00;210,00;80,00;30,00;106,67;173,33;26,67;71,11;24,00;68,80;54,40;59,20;11,28;43,08;31,79;41,03;8,00;18,00;7,00;3,00;17,00;3,00;5,00
2020-08-23;60,00;372,00;432,00;108,00;264,00;340,00;20,00;220,00;60,00;56,67;120,00;176,67;186,67;42,86;171,43;42,86;17,14;120,00;170,77;27,69;78,46;22,11;83,68;64,74;55,26;17,29;25,42;13,22;53,90;15,00;5,00;5,00;7,00;13,00;6,00;2,00
2020-08-30;32,00;341,33;416,00;138,67;192,00;240,00;8,00;176,00;48,00;73,60;128,00;172,80;192,00;32,00;152,00;56,00;16,00;91,43;146,29;13,71;77,71;25,60;57,60;49,60;60,80;9,29;54,71;14,45;38,19;11,00;14,00;5,00;5,00;3,00;3,00;2,00
2020-09-06;26,00;364,00;494,00;130,00;234,00;390,00;13,00;364,00;52,00;87,75;107,25;149,50;191,75;26,00;234,00;43,33;17,33;124,80;208,00;26,00;72,80;29,25;69,88;60,13;45,50;22,88;41,60;17,68;50,96;14,00;14,00;18,00;3,00;10,00;5,00;2,00
2020-09-13;36,00;360,00;384,00;132,00;216,00;288,00;18,00;216,00;54,00;78,55;124,36;140,73;173,45;36,00;207,00;54,00;18,00;103,50;153,00;27,00;45,00;29,74;57,91;39,13;59,48;14,40;50,40;36,00;50,40;14,00;11,00;8,00;0,00;9,00;3,00;8,00
2020-09-20;37,00;382,33;419,33;148,00;209,67;277,50;9,25;203,50;55,50;87,45;124,45;148,00;185,00;27,75;203,50;55,50;37,00;83,25;194,25;32,38;74,00;10,79;64,75;63,21;52,42;16,44;45,22;9,25;43,17;13,00;6,00;10,00;5,00;13,00;3,00;0,00
2020-09-27;50,00;425,00;412,50;162,50;300,00;266,67;8,33;233,33;33,33;96,67;116,67;163,33;226,67;16,67;158,33;50,00;25,00;100,00;181,82;31,82;86,36;26,56;78,13;60,94;56,25;31,63;37,76;26,53;61,22;18,00;13,00;18,00;3,00;15,00;2,00;5,00
2020-10-04;47,00;446,50;458,25;129,25;235,00;423,00;11,75;329,00;70,50;97,36;147,71;144,36;238,36;28,20;206,80;65,80;28,20;122,20;202,10;23,50;84,60;28,20;86,17;83,03;65,80;15,33;40,87;17,37;73,57;10,00;9,00;5,00;9,00;7,00;2,00;0,00
2020-10-11;38,00;481,33;570,00;164,67;291,33;323,00;9,50;266,00;57,00;100,18;120,91;196,91;228,00;38,00;209,00;47,50;28,50;133,00;194,75;28,50;61,75;20,58;85,50;66,50;64,92;15,41;47,24;27,73;81,14;13,00;11,00;8,00;8,00;17,00;4,00;4,00
2020-10-18;42,00;462,00;518,00;140,00;280,00;336,00;21,00;294,00;42,00;77,54;116,31;155,08;245,54;50,40;168,00;58,80;16,80;107,33;172,67;37,33;60,67;21,00;77,54;71,08;54,92;16,39;47,12;22,54;47,12;21,00;13,00;11,00;2,00;13,00;2,00;9,00
2020-10-25;44,00;341,00;363,00;110,00;220,00;286,00;11,00;264,00;44,00;64,31;138,77;128,62;220,00;35,20;140,80;61,60;17,60;117,33;185,78;29,33;73,33;26,71;73,86;78,57;55,00;11,26;33,77;6,14;49,12;10,00;13,00;8,00;8,00;25,00;6,00;0,00
2020-11-01;24,00;264,00;324,00;72,00;192,00;264,00;12,00;264,00;48,00;68,57;96,00;116,57;144,00;16,00;96,00;64,00;16,00;62,40;124,80;19,20;57,60;22,40;64,00;60,80;49,60;24,00;29,00;19,00;31,00;11,00;0,00;8,00;6,00;12,00;0,00;3,00
2020-11-08;64,00;371,20;460,80;102,40;281,60;277,33;10,67;277,33;64,00;64,00;134,74;138,11;229,05;36,57;192,00;64,00;27,43;77,71;187,43;22,86;86,86;17,60;40,00;48,00;76,80;12,39;46,45;14,45;43,35;18,00;13,00;13,00;5,00;7,00;5,00;0,00
2020-11-15;41,00;423,67;505,67;136,67;287,00;287,00;20,50;246,00;41,00;75,17;109,33;143,50;177,67;61,50;215,25;61,50;30,75;86,56;159,44;27,33;63,78;23,65;59,92;52,04;70,96;21,53;71,75;18,45;58,43;20,00;11,00;13,00;4,00;19,00;7,00;2,00
2020-11-22;43,00;430,00;444,33;157,67;301,00;344,00;10,75;279,50;64,50;95,92;135,62;155,46;205,08;34,40;154,80;60,20;25,80;114,67;186,33;33,44;76,44;15,93;52,56;68,48;60,52;9,44;49,29;9,44;67,12;21,00;8,00;6,00;8,00;17,00;2,00;2,00
2020-11-29;42,00;434,00;504,00;140,00;280,00;294,00;10,50;252,00;63,00;54,92;142,15;138,92;180,92;25,20;151,20;50,40;25,20;88,67;200,67;23,33;79,33;16,15;66,23;64,62;58,15;19,46;54,29;14,34;82,98;13,00;7,00;7,00;0,00;16,00;7,00;0,00
2020-12-06;46,00;379,50;448,50;138,00;276,00;345,00;23,00;322,00;46,00;78,86;118,29;151,14;190,57;27,60;174,80;92,00;18,40;92,00;207,00;36,80;64,40;15,86;79,31;80,90;66,62;27,60;61,33;19,42;56,22;13,00;7,00;13,00;4,00;16,00;4,00;2,00
2020-12-13;26,00;390,00;520,00;117,00;273,00;338,00;13,00;286,00;78,00;91,00;123,50;117,00;178,75;43,33;182,00;52,00;26,00;108,33;212,33;17,33;91,00;26,00;68,82;55,06;79,53;16,00;51,00;16,00;69,00;23,00;11,00;8,00;4,00;8,00;4,00;0,00
2020-12-20;54,00;405,00;621,00;202,50;324,00;288,00;18,00;234,00;54,00;84,38;145,13;148,50;168,75;45,00;180,00;72,00;36,00;121,50;198,00;18,00;76,50;22,24;95,29;81,00;106,41;25,47;50,94;15,28;77,43;18,00;12,00;8,00;12,00;14,00;4,00;4,00
2020-12-27;46,00;333,50;448,50;103,50;287,50;322,00;11,50;299,00;46,00;69,00;147,86;134,71;170,86;55,20;230,00;46,00;27,60;105,80;174,80;23,00;69,00;19,03;72,97;80,90;57,10;22,49;59,29;20,44;75,64;10,00;10,00;10,00;0,00;17,00;4,00;8,00
2021-01-03;40,00;360,00;533,33;146,67;280,00;320,00;10,00;300,00;40,00;90,00;150,00;166,67;176,67;40,00;230,00;70,00;30,00;105,00;185,00;40,00;115,00;22,40;68,80;91,20;75,20;17,89;44,21;22,11;78,95;14,00;9,00;13,00;7,00;16,00;4,00;2,00
2021-01-10;45,00;303,75;438,75;135,00;225,00;337,50;22,50;337,50;67,50;86,79;106,07;144,64;180,00;27,00;153,00;45,00;18,00;90,00;157,50;31,50;99,00;23,28;60,52;76,03;58,97;14,32;64,43;23,52;46,02;16,00;9,00;9,00;4,00;15,00;2,00;0,00
2021-01-17;49,00;343,00;416,50;110,25;232,75;212,33;8,17;326,67;49,00;98,00;124,13;143,73;166,60;49,00;186,20;58,80;9,80;132,30;171,50;49,00;78,40;14,23;75,87;66,39;77,45;11,23;55,13;39,81;73,50;11,00;11,00;9,00;4,00;5,00;2,00;4,00
2021-01-24;45,00;348,75;393,75;112,50;281,25;315,00;11,25;315,00;45,00;100,38;135,00;138,46;155,77;36,00;162,00;54,00;45,00;108,00;198,00;31,50;81,00;24,11;67,50;69,11;67,50;14,32;62,39;10,23;81,82;16,00;7,00;7,00;7,00;14,00;7,00;5,00
2021-01-31;29,00;420,50;536,50;116,00;246,50;377,00;29,00;348,00;87,00;67,67;99,89;119,22;161,11;38,67;174,00;77,33;19,33;130,50;169,17;19,33;77,33;11,28;70,89;56,39;77,33;21,75;41,43;29,00;67,32;16,00;4,00;7,00;4,00;16,00;4,00;4,00
2021-02-07;60,00;336,00;360,00;132,00;240,00;260,00;10,00;240,00;40,00;63,33;153,33;123,33;166,67;34,29;145,71;51,43;25,71;120,00;184,62;13,85;73,85;14,21;61,58;75,79;66,32;7,24;45,52;16,55;43,45;11,00;2,00;9,00;0,00;13,00;4,00;5,00
2021-02-14;37,00;419,33;456,33;135,67;296,00;296,00;9,25;277,50;37,00;77,36;111,00;191,73;178,27;46,25;175,75;55,50;37,00;120,25;157,25;23,13;106,38;16,96;86,33;72,46;55,50;18,50;57,56;25,69;59,61;19,00;4,00;15,00;7,00;9,00;6,00;4,00
2021-02-21;33,00;330,00;341,00;121,00;242,00;231,00;16,50;165,00;49,50;75,90;112,20;138,60;211,20;24,75;156,75;66,00;16,50;136,71;202,71;18,86;75,43;39,29;61,29;78,57;70,71;16,50;39,19;16,50;57,75;7,00;15,00;4,00;2,00;15,00;6,00;7,00
2021-02-28;32,00;309,33;373,33;117,33;202,67;240,00;8,00;144,00;32,00;85,33;117,33;113,78;202,67;42,67;256,00;74,67;32,00;96,00;201,14;27,43;82,29;14,40;54,40;68,80;70,40;20,65;47,48;23,74;75,35;7,00;13,00;7,00;4,00;9,00;0,00;2,00
2021-03-07;44,00;374,00;462,00;110,00;220,00;308,00;11,00;330,00;88,00;74,46;115,08;159,08;196,31;44,00;211,20;52,80;8,80;127,11;200,44;24,44;97,78;25,14;70,71;91,14;67,57;21,49;45,02;25,58;47,07;20,00;7,00;7,00;4,00;11,00;4,00;2,00
2021-03-14;58,00;371,20;417,60;116,00;266,80;251,33;9,67;232,00;38,67;81,88;174,00;122,82;201,29;38,67;203,00;67,67;19,33;140,17;246,50;33,83;96,67;28,22;70,54;64,27;78,38;8,29;49,71;20,71;66,29;14,00;9,00;10,00;10,00;24,00;2,00;3,00
2021-03-21;42,00;504,00;574,00;196,00;336,00;336,00;10,50;294,00;63,00;96,92;145,38;190,62;219,69;50,40;184,80;58,80;25,20;158,67;182,00;23,33;93,33;23,33;93,33;74,67;79,33;47,12;68,63;19,46;71,71;15,00;27,00;7,00;9,00;33,00;4,00;11,00
2021-03-28;41,00;492,00;546,67;177,67;314,33;348,50;10,25;266,50;61,50;68,33;160,58;167,42;256,25;41,00;172,20;49,20;16,40;118,44;177,67;50,11;91,11;29,96;80,42;63,08;85,15;36,90;53,30;25,63;64,58;22,00;21,00;13,00;9,00;32,00;6,00;7,00
2021-04-04;43,00;573,33;688,00;186,33;344,00;365,50;21,50;365,50;107,50;105,85;158,77;172,00;238,15;43,00;189,20;77,40;25,80;181,56;215,00;38,22;100,33;43,00;84,41;57,33;70,07;18,43;73,71;23,55;89,07;28,00;22,00;17,00;6,00;13,00;6,00;7,00
2021-04-11;61,00;463,60;561,20;158,60;292,80;345,67;20,33;325,33;81,33;118,61;152,50;179,61;233,83;61,00;226,57;69,71;26,14;187,69;234,62;46,92;89,15;34,41;98,54;84,46;61,00;29,98;72,37;14,47;86,85;24,00;22,00;9,00;6,00;18,00;6,00;7,00
2021-04-18;66,00;488,40;607,20;211,20;343,20;396,00;22,00;396,00;88,00;105,60;161,70;115,50;254,10;47,14;226,29;94,29;37,71;174,43;183,86;47,14;113,14;39,29;94,29;81,71;58,14;22,69;57,75;25,78;93,84;32,00;17,00;15,00;4,00;24,00;6,00;4,00
2021-04-25;41,00;478,33;546,67;177,67;314,33;307,50;10,25;348,50;82,00;82,00;140,08;164,00;228,92;51,25;235,75;82,00;41,00;159,44;200,44;36,44;100,22;33,12;69,38;61,50;67,81;24,18;76,74;41,00;56,77;24,00;11,00;13,00;13,00;20,00;6,00;11,00
2021-05-02;62,00;520,80;558,00;173,60;297,60;351,33;10,33;930,00;82,67;75,05;166,42;192,53;215,37;26,57;212,57;62,00;17,71;166,92;214,62;28,62;104,92;39,74;76,31;69,95;92,21;23,77;52,70;25,83;63,03;13,00;17,00;13,00;4,00;22,00;2,00;4,00
2021-05-09;45,00;450,00;551,25;146,25;292,50;472,50;22,50;517,50;112,50;86,79;163,93;186,43;221,79;63,00;216,00;72,00;27,00;189,00;180,00;58,50;90,00;52,76;60,52;71,38;91,55;36,82;50,11;57,27;102,27;21,00;15,00;11,00;17,00;23,00;2,00;2,00
2021-05-16;40,00;560,00;560,00;186,67;346,67;380,00;10,00;340,00;60,00;66,67;163,33;210,00;203,33;60,00;260,00;80,00;30,00;210,00;230,00;40,00;115,00;32,00;91,20;67,20;91,20;33,85;61,54;20,51;67,69;17,00;13,00;11,00;6,00;23,00;6,00;6,00
2021-05-23;67,00;589,60;562,80;160,80;375,20;446,67;11,17;357,33;67,00;93,80;144,05;194,30;237,85;47,86;220,14;86,14;38,29;224,93;162,71;43,07;105,29;38,29;95,71;79,76;67,00;31,95;54,63;41,23;86,58;11,00;13,00;9,00;6,00;34,00;2,00;4,00
2021-05-30;74,00;493,33;579,67;135,67;345,33;314,50;9,25;259,00;55,50;97,55;124,45;225,36;208,55;46,25;249,75;55,50;27,75;189,63;226,63;27,75;106,38;37,79;77,15;74,00;69,28;24,67;63,72;38,03;51,39;19,00;17,00;10,00;4,00;21,00;8,00;10,00
2021-06-06;55,00;618,75;591,25;137,50;343,75;330,00;9,17;256,67;110,00;92,81;151,25;216,56;220,00;55,00;275,00;91,67;36,67;197,08;192,50;32,08;100,83;28,29;73,86;99,00;70,71;20,75;52,92;43,58;69,53;13,00;15,00;8,00;15,00;30,00;6,00;8,00
2021-06-13;65,00;598,00;546,00;195,00;390,00;346,67;21,67;411,67;108,33;71,50;146,25;182,00;250,25;37,14;241,43;74,29;27,86;208,93;236,79;51,07;116,07;38,05;91,95;47,56;80,85;37,58;50,78;37,58;59,92;25,00;13,00;17,00;10,00;12,00;6,00;13,00
2021-06-20;54,00;607,50;540,00;148,50;324,00;306,00;18,00;306,00;72,00;64,13;135,00;185,63;212,63;36,00;243,00;72,00;36,00;211,50;193,50;31,50;117,00;30,18;100,06;63,53;42,88;31,15;63,35;31,15;47,77;10,00;17,00;15,00;8,00;27,00;10,00;8,00
2021-06-27;88,00;565,71;590,86;138,29;352,00;387,20;8,80;264,00;88,00;108,31;155,69;230,15;247,08;61,60;220,00;52,80;26,40;213,05;226,95;37,05;101,89;48,00;108,80;49,60;72,00;36,24;56,94;38,31;70,40;19,00;21,00;17,00;11,00;38,00;11,00;10,00
2021-07-04;68,00;555,33;430,67;136,00;340,00;357,00;17,00;238,00;68,00;74,80;159,80;217,60;231,20;48,57;262,29;77,71;38,86;249,33;185,87;40,80;149,60;44,28;93,30;68,00;60,09;28,85;54,61;32,97;52,55;16,00;18,00;17,00;16,00;23,00;6,00;4,00
2021-07-11;68,00;566,67;476,00;124,67;294,67;357,00;8,50;272,00;85,00;112,20;142,80;193,80;268,60;58,29;310,86;77,71;29,14;213,71;204,00;24,29;121,43;33,21;104,37;52,19;56,93;29,88;52,55;37,09;88,61;13,00;17,00;9,00;6,00;19,00;4,00;4,00
2021-07-18;74,00;555,00;579,67;160,33;382,33;333,00;9,25;277,50;92,50;84,09;137,91;168,18;248,91;37,00;249,75;74,00;37,00;245,13;226,63;32,38;129,50;31,49;85,02;48,81;55,11;16,44;58,58;24,67;72,97;23,00;8,00;17,00;6,00;19,00;4,00;15,00
2021-07-25;59,00;495,60;436,60;118,00;306,80;334,33;19,67;314,67;78,67;101,61;131,11;177,00;236,00;29,50;275,33;59,00;39,33;222,38;213,31;27,23;104,38;36,68;76,54;51,03;92,49;17,60;76,60;30,02;49,68;15,00;13,00;8,00;10,00;21,00;2,00;8,00
2021-08-01;42,00;560,00;532,00;140,00;336,00;336,00;21,00;294,00;63,00;71,08;151,85;151,85;239,08;33,60;210,00;58,80;33,60;219,33;196,00;37,33;126,00;30,69;75,92;61,38;66,23;43,02;65,56;20,49;58,39;10,00;17,00;11,00;6,00;15,00;0,00;4,00
2021-08-08;48,00;564,00;528,00;156,00;336,00;432,00;24,00;360,00;96,00;92,57;154,29;178,29;250,29;38,40;259,20;67,20;28,80;216,00;201,60;38,40;134,40;24,00;108,80;57,60;78,40;19,40;57,19;32,68;57,19;17,00;15,00;12,00;2,00;33,00;8,00;6,00
2021-08-15;62,00;508,40;558,00;148,80;359,60;392,67;10,33;351,33;82,67;72,33;161,89;223,89;265,22;35,43;239,14;62,00;26,57;205,08;238,46;28,62;133,54;33,38;92,21;57,23;81,08;22,73;67,17;26,87;49,60;19,00;31,00;17,00;8,00;12,00;0,00;6,00
2021-08-22;48,00;516,00;456,00;132,00;228,00;432,00;24,00;408,00;96,00;85,71;150,86;161,14;212,57;38,40;240,00;76,80;19,20;192,00;235,20;43,20;115,20;43,20;75,20;62,40;75,20;26,55;43,91;22,47;57,19;10,00;25,00;8,00;8,00;21,00;0,00;4,00
2021-08-29;54,00;580,50;661,50;135,00;310,50;306,00;9,00;324,00;54,00;70,88;145,13;165,38;243,00;27,00;261,00;72,00;18,00;211,09;186,55;63,82;83,45;30,18;65,12;39,71;61,94;34,27;47,77;36,35;45,69;21,00;15,00;23,00;10,00;15,00;0,00;8,00
2021-09-05;64,00;601,60;601,60;115,20;345,60;426,67;21,33;405,33;106,67;80,84;128,00;245,89;249,26;27,43;265,14;100,57;27,43;192,00;182,86;45,71;160,00;56,00;105,60;62,40;68,80;46,45;73,29;28,90;85,68;10,00;12,00;10,00;8,00;31,00;2,00;10,00
2021-09-12;65,00;572,00;585,00;156,00;377,00;390,00;21,67;411,67;86,67;106,05;188,16;212,11;260,00;46,43;250,71;65,00;18,57;204,29;199,64;55,71;83,57;31,71;106,22;66,59;50,73;33,02;54,68;28,89;70,16;39,00;12,00;24,00;12,00;29,00;4,00;8,00
2021-09-19;35,00;560,00;525,00;116,67;303,33;297,50;17,50;245,00;70,00;66,82;114,55;133,64;210,00;43,75;218,75;87,50;26,25;148,75;170,63;35,00;91,88;30,23;97,05;52,50;60,45;50,44;46,32;23,68;39,12;27,00;20,00;6,00;6,00;14,00;8,00;6,00
2021-09-26;46,00;598,00;575,00;138,00;345,00;460,00;23,00;414,00;161,00;95,29;170,86;187,29;249,71;64,40;239,20;73,60;36,80;147,20;234,60;36,80;133,40;23,79;106,28;84,07;79,31;28,23;82,59;21,95;72,14;30,00;14,00;12,00;8,00;28,00;4,00;2,00
2021-10-03;68,00;557,60;598,40;122,40;299,20;430,67;22,67;340,00;113,33;98,60;153,00;170,00;190,40;77,71;252,57;68,00;29,14;179,71;208,86;29,14;116,57;18,98;85,40;49,02;53,77;16,48;42,24;26,79;59,76;15,00;17,00;14,00;8,00;7,00;3,00;7,00
2021-10-10;49,00;490,00;490,00;122,50;269,50;294,00;16,33;212,33;81,67;107,80;153,53;143,73;176,40;117,60;186,20;58,80;29,40;178,18;187,09;35,64;124,73;37,94;74,29;52,16;66,39;37,77;63,29;27,56;63,29;20,00;14,00;28,00;13,00;11,00;3,00;3,00
2021-10-17;52,00;585,00;559,00;143,00;325,00;329,33;17,33;242,67;69,33;139,75;156,00;162,50;185,25;86,67;182,00;86,67;26,00;160,73;179,64;33,09;127,64;31,52;88,24;67,76;66,18;20,80;55,12;36,40;52,00;21,00;17,00;20,00;11,00;10,00;3,00;6,00
2021-10-24;46,00;506,00;471,50;138,00;287,50;437,00;23,00;345,00;92,00;105,14;177,43;151,14;207,00;92,00;202,40;73,60;27,60;138,00;174,80;46,00;124,20;33,31;96,76;55,52;76,14;32,41;59,59;29,27;92,00;22,00;15,00;8,00;6,00;18,00;4,00;3,00
2021-10-31;54,00;567,00;526,50;108,00;283,50;288,00;18,00;252,00;72,00;97,88;91,13;148,50;189,00;90,00;189,00;81,00;27,00;157,50;180,00;36,00;85,50;27,00;84,18;42,88;55,59;32,60;40,75;17,32;50,94;24,00;10,00;8,00;6,00;15,00;3,00;4,00
2021-11-07;40,00;546,67;520,00;146,67;280,00;340,00;20,00;240,00;100,00;106,67;133,33;133,33;200,00;90,00;240,00;80,00;30,00;111,11;168,89;48,89;102,22;44,62;80,00;60,00;55,38;32,82;48,21;20,51;48,21;13,00;8,00;14,00;8,00;12,00;1,00;8,00
2021-11-14;27,00;553,50;540,00;121,50;270,00;405,00;27,00;378,00;108,00;131,63;124,88;131,63;182,25;81,00;207,00;72,00;27,00;162,00;153,00;27,00;76,50;25,41;84,18;44,47;44,47;25,00;44,00;18,00;66,00;16,00;4,00;14,00;0,00;19,00;4,00;7,00
2021-11-21;40,00;480,00;586,67;133,33;253,33;320,00;10,00;260,00;80,00;100,00;143,33;133,33;190,00;100,00;170,00;110,00;30,00;115,00;200,00;35,00;140,00;32,00;102,40;89,60;75,20;18,46;57,44;19,49;76,92;17,00;9,00;9,00;3,00;11,00;3,00;3,00
2021-11-28;33,00;341,00;396,00;99,00;165,00;231,00;8,25;181,50;49,50;85,80;118,80;95,70;188,10;49,50;156,75;57,75;16,50;117,86;174,43;23,57;80,14;26,71;86,43;53,43;51,86;11,34;41,25;20,63;57,75;7,00;12,00;4,00;5,00;17,00;1,00;4,00
2021-12-05;39,00;442,00;416,00;117,00;182,00;234,00;9,75;195,00;78,00;87,75;87,75;87,75;149,50;78,00;126,75;29,25;29,25;136,50;170,63;24,38;82,88;17,88;66,63;48,75;37,38;17,92;34,78;22,14;44,27;11,00;10,00;1,00;4,00;10,00;1,00;1,00
2021-12-12;23,00;402,50;402,50;92,00;207,00;253,00;11,50;276,00;69,00;111,71;82,14;85,43;197,14;80,50;184,00;69,00;34,50;110,40;161,00;13,80;87,40;23,00;54,21;59,14;54,21;20,91;40,77;23,00;60,64;21,00;8,00;10,00;6,00;10,00;1,00;1,00
2021-12-19;19,00;285,00;294,50;47,50;161,50;190,00;9,50;190,00;57,00;88,67;79,17;91,83;167,83;66,50;161,50;47,50;19,00;95,00;137,75;14,25;85,50;19,00;52,25;26,92;36,42;13,00;29,00;20,00;26,00;12,00;6,00;7,00;0,00;13,00;6,00;1,00
2021-12-26;18,00;720,00;576,00;108,00;306,00;198,00;0,00;198,00;54,00;86,40;64,80;115,20;198,00;54,00;180,00;27,00;18,00;112,50;135,00;22,50;85,50;18,00;65,45;34,36;36,00;14,00;29,00;19,00;40,00;13,00;2,00;7,00;2,00;8,00;3,00;3,00
